snapshot_date,station_id,fuel,price,isSelf,dtComu
2026-06-03,5547,Benzina,1.935,1,02/06/2026 09:10:30
2026-06-03,5547,Gasolio,1.955,1,02/06/2026 09:10:30
2026-06-03,34696,Benzina,2.189,0,02/06/2026 23:22:33
2026-06-03,34696,Benzina,1.969,1,02/06/2026 23:22:33
2026-06-03,34696,Gasolio,2.239,0,02/06/2026 23:22:33
2026-06-03,34696,Gasolio,2.019,1,02/06/2026 23:22:33
2026-06-03,34696,Blue Diesel,2.080,0,02/06/2026 23:22:33
2026-06-03,34696,Blue Diesel,1.860,1,02/06/2026 23:22:33
2026-06-03,48499,Benzina,1.949,1,30/05/2026 07:18:39
2026-06-03,48499,Gasolio,1.979,1,30/05/2026 07:18:39
2026-06-03,54790,Benzina,2.159,0,02/06/2026 23:28:49
2026-06-03,54790,Benzina,1.934,1,02/06/2026 23:28:49
2026-06-03,54790,Gasolio,2.209,0,02/06/2026 23:28:49
2026-06-03,54790,Gasolio,1.984,1,02/06/2026 23:28:49
2026-06-03,54790,Blue Diesel,2.309,0,02/06/2026 23:28:49
2026-06-03,54790,Blue Diesel,2.084,1,02/06/2026 23:28:49
2026-04-07,5547,Benzina,1.759,1,06/04/2026 09:11:10
2026-04-07,5547,Gasolio,2.259,1,06/04/2026 09:11:10
2026-04-07,34696,Benzina,1.987,0,06/04/2026 22:49:15
2026-04-07,34696,Benzina,1.767,1,06/04/2026 22:49:15
2026-04-07,34696,Gasolio,2.219,0,06/04/2026 22:49:15
2026-04-07,34696,Gasolio,1.999,1,06/04/2026 22:49:15
2026-04-07,34696,Blue Diesel,2.080,0,06/04/2026 22:49:15
2026-04-07,34696,Blue Diesel,1.860,1,06/04/2026 22:49:15
2026-04-07,48499,Benzina,1.829,1,04/04/2026 08:10:47
2026-04-07,48499,Gasolio,2.229,1,04/04/2026 08:10:47
2026-04-07,54790,Benzina,1.987,0,06/04/2026 23:37:37
2026-04-07,54790,Benzina,1.762,1,06/04/2026 23:37:37
2026-04-07,54790,Gasolio,2.219,0,06/04/2026 23:37:37
2026-04-07,54790,Gasolio,1.994,1,06/04/2026 23:37:37
2026-04-07,54790,Blue Diesel,2.319,0,06/04/2026 23:37:37
2026-04-07,54790,Blue Diesel,2.094,1,06/04/2026 23:37:37
2026-06-18,5547,Benzina,1.879,1,17/06/2026 11:12:05
2026-06-18,5547,Gasolio,1.949,1,17/06/2026 19:07:34
2026-06-18,34696,Benzina,2.109,0,17/06/2026 23:18:09
2026-06-18,34696,Benzina,1.889,1,17/06/2026 23:51:35
2026-06-18,34696,Gasolio,2.219,0,17/06/2026 23:18:09
2026-06-18,34696,Gasolio,1.999,1,17/06/2026 23:51:35
2026-06-18,34696,Blue Diesel,2.080,0,17/06/2026 23:51:35
2026-06-18,34696,Blue Diesel,1.860,1,17/06/2026 23:51:35
2026-06-18,48499,Benzina,1.859,1,17/06/2026 14:35:49
2026-06-18,48499,Gasolio,1.959,1,17/06/2026 14:35:49
2026-06-18,54790,Benzina,2.099,0,17/06/2026 23:24:24
2026-06-18,54790,Benzina,1.874,1,17/06/2026 00:00:56
2026-06-18,54790,Gasolio,2.209,0,17/06/2026 23:24:24
2026-06-18,54790,Gasolio,1.984,1,17/06/2026 00:00:56
2026-06-18,54790,Blue Diesel,2.309,0,17/06/2026 23:24:24
2026-06-18,54790,Blue Diesel,2.084,1,17/06/2026 00:00:56
2026-05-22,5547,Benzina,1.939,1,21/05/2026 17:10:36
2026-05-22,5547,Gasolio,1.938,1,21/05/2026 17:10:36
2026-05-22,34696,Benzina,2.200,0,21/05/2026 23:27:13
2026-05-22,34696,Benzina,1.980,1,21/05/2026 23:52:52
2026-05-22,34696,Gasolio,2.239,0,21/05/2026 23:27:13
2026-05-22,34696,Gasolio,2.019,1,21/05/2026 23:52:52
2026-05-22,34696,Blue Diesel,2.080,0,21/05/2026 23:52:52
2026-05-22,34696,Blue Diesel,1.860,1,21/05/2026 23:52:52
2026-05-22,48499,Benzina,1.959,1,22/05/2026 07:42:35
2026-05-22,48499,Gasolio,1.959,1,22/05/2026 07:42:35
2026-05-22,54790,Benzina,2.220,0,21/05/2026 23:32:15
2026-05-22,54790,Benzina,1.995,1,21/05/2026 23:54:38
2026-05-22,54790,Gasolio,2.219,0,21/05/2026 23:32:15
2026-05-22,54790,Gasolio,1.994,1,21/05/2026 23:54:38
2026-05-22,54790,Blue Diesel,2.319,0,21/05/2026 23:32:15
2026-05-22,54790,Blue Diesel,2.094,1,21/05/2026 23:54:38
2026-06-08,5547,Benzina,1.929,1,07/06/2026 09:11:31
2026-06-08,5547,Gasolio,1.949,1,07/06/2026 09:11:31
2026-06-08,34696,Benzina,2.169,0,07/06/2026 23:21:49
2026-06-08,34696,Benzina,1.949,1,07/06/2026 23:21:49
2026-06-08,34696,Gasolio,2.239,0,07/06/2026 23:21:49
2026-06-08,34696,Gasolio,2.019,1,07/06/2026 23:21:49
2026-06-08,34696,Blue Diesel,2.080,0,07/06/2026 23:21:49
2026-06-08,34696,Blue Diesel,1.860,1,07/06/2026 23:21:49
2026-06-08,48499,Benzina,1.949,1,07/06/2026 08:06:25
2026-06-08,48499,Gasolio,2.029,1,07/06/2026 08:06:25
2026-06-08,54790,Benzina,2.129,0,08/06/2026 06:08:04
2026-06-08,54790,Benzina,1.904,1,07/06/2026 11:22:04
2026-06-08,54790,Gasolio,2.260,0,08/06/2026 06:08:04
2026-06-08,54790,Gasolio,2.035,1,07/06/2026 11:22:04
2026-06-08,54790,Blue Diesel,2.360,0,08/06/2026 06:08:04
2026-06-08,54790,Blue Diesel,2.135,1,07/06/2026 11:22:04
2026-05-18,5547,Benzina,1.928,1,17/05/2026 09:12:15
2026-05-18,5547,Gasolio,1.948,1,17/05/2026 09:12:15
2026-05-18,34696,Benzina,2.200,0,17/05/2026 23:29:49
2026-05-18,34696,Benzina,1.980,1,17/05/2026 23:29:49
2026-05-18,34696,Gasolio,2.239,0,17/05/2026 23:29:49
2026-05-18,34696,Gasolio,2.019,1,17/05/2026 23:29:49
2026-05-18,34696,Blue Diesel,2.080,0,17/05/2026 23:29:49
2026-05-18,34696,Blue Diesel,1.860,1,17/05/2026 23:29:49
2026-05-18,48499,Benzina,1.969,1,16/05/2026 07:12:02
2026-05-18,48499,Gasolio,1.969,1,16/05/2026 07:12:02
2026-05-18,54790,Benzina,2.180,0,17/05/2026 23:36:27
2026-05-18,54790,Benzina,1.955,1,17/05/2026 23:36:27
2026-05-18,54790,Gasolio,2.209,0,17/05/2026 23:36:27
2026-05-18,54790,Gasolio,1.984,1,17/05/2026 23:36:27
2026-05-18,54790,Blue Diesel,2.309,0,17/05/2026 23:36:27
2026-05-18,54790,Blue Diesel,2.084,1,17/05/2026 23:36:27
2026-05-31,5547,Benzina,1.932,1,30/05/2026 09:12:10
2026-05-31,5547,Gasolio,1.962,1,30/05/2026 09:12:10
2026-05-31,34696,Benzina,2.189,0,30/05/2026 23:18:56
2026-05-31,34696,Benzina,1.969,1,30/05/2026 23:18:56
2026-05-31,34696,Gasolio,2.239,0,30/05/2026 23:18:56
2026-05-31,34696,Gasolio,2.019,1,30/05/2026 23:18:56
2026-05-31,34696,Blue Diesel,2.080,0,30/05/2026 23:18:56
2026-05-31,34696,Blue Diesel,1.860,1,30/05/2026 23:18:56
2026-05-31,48499,Benzina,1.949,1,30/05/2026 07:18:39
2026-05-31,48499,Gasolio,1.979,1,30/05/2026 07:18:39
2026-05-31,54790,Benzina,2.159,0,30/05/2026 10:14:09
2026-05-31,54790,Benzina,1.934,1,30/05/2026 10:14:09
2026-05-31,54790,Gasolio,2.209,0,30/05/2026 10:14:09
2026-05-31,54790,Gasolio,1.984,1,30/05/2026 10:14:09
2026-05-31,54790,Blue Diesel,2.309,0,30/05/2026 10:14:09
2026-05-31,54790,Blue Diesel,2.084,1,30/05/2026 10:14:09
2026-06-12,5547,Benzina,1.899,1,11/06/2026 09:13:43
2026-06-12,5547,Gasolio,1.979,1,11/06/2026 11:03:46
2026-06-12,34696,Benzina,2.169,0,11/06/2026 23:29:56
2026-06-12,34696,Benzina,1.949,1,11/06/2026 23:29:56
2026-06-12,34696,Gasolio,2.239,0,11/06/2026 23:29:56
2026-06-12,34696,Gasolio,2.019,1,11/06/2026 23:29:56
2026-06-12,34696,Blue Diesel,2.080,0,11/06/2026 23:29:56
2026-06-12,34696,Blue Diesel,1.860,1,11/06/2026 23:29:56
2026-06-12,48499,Benzina,1.919,1,11/06/2026 07:45:20
2026-06-12,48499,Gasolio,1.989,1,11/06/2026 07:45:20
2026-06-12,54790,Benzina,2.119,0,11/06/2026 06:14:10
2026-06-12,54790,Benzina,1.894,1,12/06/2026 00:50:14
2026-06-12,54790,Gasolio,2.249,0,11/06/2026 06:14:10
2026-06-12,54790,Gasolio,2.024,1,12/06/2026 00:50:14
2026-06-12,54790,Blue Diesel,2.349,0,11/06/2026 06:14:10
2026-06-12,54790,Blue Diesel,2.124,1,12/06/2026 00:50:14
2026-06-11,5547,Benzina,1.899,1,10/06/2026 11:13:39
2026-06-11,5547,Gasolio,1.999,1,10/06/2026 11:13:39
2026-06-11,34696,Benzina,2.169,0,10/06/2026 23:17:30
2026-06-11,34696,Benzina,1.949,1,10/06/2026 23:17:30
2026-06-11,34696,Gasolio,2.239,0,10/06/2026 23:17:30
2026-06-11,34696,Gasolio,2.019,1,10/06/2026 23:17:30
2026-06-11,34696,Blue Diesel,2.080,0,10/06/2026 23:17:30
2026-06-11,34696,Blue Diesel,1.860,1,10/06/2026 23:17:30
2026-06-11,48499,Benzina,1.919,1,11/06/2026 07:45:20
2026-06-11,48499,Gasolio,1.989,1,11/06/2026 07:45:20
2026-06-11,54790,Benzina,2.119,0,11/06/2026 06:14:10
2026-06-11,54790,Benzina,1.894,1,11/06/2026 06:14:10
2026-06-11,54790,Gasolio,2.249,0,11/06/2026 06:14:10
2026-06-11,54790,Gasolio,2.024,1,11/06/2026 06:14:10
2026-06-11,54790,Blue Diesel,2.349,0,11/06/2026 06:14:10
2026-06-11,54790,Blue Diesel,2.124,1,11/06/2026 06:14:10
2026-05-05,5547,Benzina,1.958,1,04/05/2026 19:09:24
2026-05-05,5547,Gasolio,2.038,1,04/05/2026 19:09:24
2026-05-05,34696,Benzina,2.199,0,04/05/2026 23:42:58
2026-05-05,34696,Benzina,1.989,1,05/05/2026 00:19:30
2026-05-05,34696,Gasolio,2.299,0,04/05/2026 23:42:58
2026-05-05,34696,Gasolio,2.079,1,05/05/2026 00:19:30
2026-05-05,34696,Blue Diesel,2.080,0,05/05/2026 00:19:30
2026-05-05,34696,Blue Diesel,1.860,1,05/05/2026 00:19:30
2026-05-05,48499,Benzina,1.958,1,02/05/2026 07:52:02
2026-05-05,48499,Gasolio,2.059,1,02/05/2026 07:52:02
2026-05-05,54790,Benzina,2.180,0,04/05/2026 23:53:54
2026-05-05,54790,Benzina,1.955,1,04/05/2026 23:53:54
2026-05-05,54790,Gasolio,2.269,0,04/05/2026 23:53:54
2026-05-05,54790,Gasolio,2.044,1,04/05/2026 23:53:54
2026-05-05,54790,Blue Diesel,2.369,0,04/05/2026 23:53:54
2026-05-05,54790,Blue Diesel,2.144,1,04/05/2026 23:53:54
2026-06-14,5547,Benzina,1.899,1,13/06/2026 09:13:08
2026-06-14,5547,Gasolio,1.979,1,13/06/2026 09:13:08
2026-06-14,34696,Benzina,2.169,0,13/06/2026 23:22:19
2026-06-14,34696,Benzina,1.949,1,13/06/2026 23:22:19
2026-06-14,34696,Gasolio,2.239,0,13/06/2026 23:22:19
2026-06-14,34696,Gasolio,2.019,1,13/06/2026 23:22:19
2026-06-14,34696,Blue Diesel,2.080,0,13/06/2026 23:22:19
2026-06-14,34696,Blue Diesel,1.860,1,13/06/2026 23:22:19
2026-06-14,48499,Benzina,1.919,1,12/06/2026 13:38:19
2026-06-14,48499,Gasolio,1.979,1,12/06/2026 13:38:19
2026-06-14,54790,Benzina,2.109,0,13/06/2026 06:14:08
2026-06-14,54790,Benzina,1.884,1,13/06/2026 06:14:08
2026-06-14,54790,Gasolio,2.239,0,13/06/2026 06:14:08
2026-06-14,54790,Gasolio,2.014,1,13/06/2026 06:14:08
2026-06-14,54790,Blue Diesel,2.339,0,13/06/2026 06:14:08
2026-06-14,54790,Blue Diesel,2.114,1,13/06/2026 06:14:08
2026-04-17,5547,Benzina,1.759,1,16/04/2026 09:21:05
2026-04-17,5547,Gasolio,2.129,1,16/04/2026 09:21:05
2026-04-17,34696,Benzina,1.997,0,16/04/2026 08:23:10
2026-04-17,34696,Benzina,1.777,1,16/04/2026 08:23:10
2026-04-17,34696,Gasolio,2.319,0,17/04/2026 07:14:19
2026-04-17,34696,Gasolio,2.099,1,16/04/2026 18:40:07
2026-04-17,34696,Blue Diesel,2.080,0,16/04/2026 08:23:10
2026-04-17,34696,Blue Diesel,1.860,1,16/04/2026 08:23:10
2026-04-17,48499,Benzina,1.779,1,16/04/2026 07:18:06
2026-04-17,48499,Gasolio,2.119,1,16/04/2026 07:18:06
2026-04-17,54790,Benzina,1.997,0,16/04/2026 08:28:57
2026-04-17,54790,Benzina,1.772,1,16/04/2026 08:28:57
2026-04-17,54790,Gasolio,2.329,0,16/04/2026 08:28:57
2026-04-17,54790,Gasolio,2.099,1,16/04/2026 08:28:57
2026-04-17,54790,Blue Diesel,2.429,0,16/04/2026 08:28:57
2026-04-17,54790,Blue Diesel,2.204,1,16/04/2026 08:28:57
2026-06-21,5547,Benzina,1.829,1,20/06/2026 09:16:10
2026-06-21,5547,Gasolio,1.939,1,20/06/2026 09:16:10
2026-06-21,34696,Benzina,2.109,0,20/06/2026 23:22:39
2026-06-21,34696,Benzina,1.889,1,20/06/2026 23:22:39
2026-06-21,34696,Gasolio,2.219,0,20/06/2026 23:22:39
2026-06-21,34696,Gasolio,1.999,1,20/06/2026 23:22:39
2026-06-21,34696,Blue Diesel,2.080,0,20/06/2026 23:22:39
2026-06-21,34696,Blue Diesel,1.860,1,20/06/2026 23:22:39
2026-06-21,48499,Benzina,1.849,1,19/06/2026 07:39:18
2026-06-21,48499,Gasolio,1.959,1,19/06/2026 07:39:18
2026-06-21,54790,Benzina,2.069,0,20/06/2026 23:38:14
2026-06-21,54790,Benzina,1.844,1,21/06/2026 00:42:09
2026-06-21,54790,Gasolio,2.169,0,20/06/2026 23:38:14
2026-06-21,54790,Gasolio,1.944,1,21/06/2026 00:42:09
2026-06-21,54790,Blue Diesel,2.269,0,20/06/2026 23:38:14
2026-06-21,54790,Blue Diesel,2.044,1,21/06/2026 00:42:09
2026-05-04,5547,Benzina,1.939,1,03/05/2026 09:12:11
2026-05-04,5547,Gasolio,2.049,1,03/05/2026 09:12:11
2026-05-04,34696,Benzina,2.199,0,03/05/2026 23:11:01
2026-05-04,34696,Benzina,1.989,1,03/05/2026 23:11:01
2026-05-04,34696,Gasolio,2.299,0,03/05/2026 23:11:01
2026-05-04,34696,Gasolio,2.079,1,03/05/2026 23:11:01
2026-05-04,34696,Blue Diesel,2.080,0,03/05/2026 23:11:01
2026-05-04,34696,Blue Diesel,1.860,1,03/05/2026 23:11:01
2026-05-04,48499,Benzina,1.958,1,02/05/2026 07:52:02
2026-05-04,48499,Gasolio,2.059,1,02/05/2026 07:52:02
2026-05-04,54790,Benzina,2.180,0,03/05/2026 23:13:16
2026-05-04,54790,Benzina,1.955,1,03/05/2026 23:13:16
2026-05-04,54790,Gasolio,2.269,0,03/05/2026 23:13:16
2026-05-04,54790,Gasolio,2.044,1,03/05/2026 23:13:16
2026-05-04,54790,Blue Diesel,2.369,0,03/05/2026 23:13:16
2026-05-04,54790,Blue Diesel,2.144,1,03/05/2026 23:13:16
2026-05-14,5547,Benzina,1.923,1,13/05/2026 19:10:12
2026-05-14,5547,Gasolio,1.943,1,13/05/2026 19:10:12
2026-05-14,34696,Benzina,2.200,0,13/05/2026 23:19:05
2026-05-14,34696,Benzina,1.980,1,13/05/2026 23:19:05
2026-05-14,34696,Gasolio,2.239,0,13/05/2026 23:19:05
2026-05-14,34696,Gasolio,2.019,1,13/05/2026 23:19:05
2026-05-14,34696,Blue Diesel,2.080,0,13/05/2026 23:19:05
2026-05-14,34696,Blue Diesel,1.860,1,13/05/2026 23:19:05
2026-05-14,48499,Benzina,1.979,1,14/05/2026 07:44:01
2026-05-14,48499,Gasolio,1.979,1,14/05/2026 07:44:01
2026-05-14,54790,Benzina,2.180,0,14/05/2026 06:40:14
2026-05-14,54790,Benzina,1.955,1,14/05/2026 06:14:01
2026-05-14,54790,Gasolio,2.209,0,14/05/2026 06:40:14
2026-05-14,54790,Gasolio,1.984,1,14/05/2026 06:14:01
2026-05-14,54790,Blue Diesel,2.309,0,14/05/2026 06:40:14
2026-05-14,54790,Blue Diesel,2.084,1,14/05/2026 06:14:01
2026-06-23,5547,Benzina,1.829,1,22/06/2026 09:15:56
2026-06-23,5547,Gasolio,1.919,1,22/06/2026 13:10:12
2026-06-23,34696,Benzina,2.079,0,22/06/2026 09:10:03
2026-06-23,34696,Benzina,1.859,1,23/06/2026 00:27:32
2026-06-23,34696,Gasolio,2.169,0,22/06/2026 09:10:03
2026-06-23,34696,Gasolio,1.949,1,23/06/2026 00:27:32
2026-06-23,34696,Blue Diesel,2.080,0,23/06/2026 00:27:32
2026-06-23,34696,Blue Diesel,1.860,1,23/06/2026 00:27:32
2026-06-23,48499,Benzina,1.829,1,22/06/2026 16:04:44
2026-06-23,48499,Gasolio,1.929,1,22/06/2026 16:04:44
2026-06-23,54790,Benzina,2.049,0,22/06/2026 06:14:12
2026-06-23,54790,Benzina,1.824,1,23/06/2026 00:32:23
2026-06-23,54790,Gasolio,2.139,0,22/06/2026 06:14:12
2026-06-23,54790,Gasolio,1.914,1,23/06/2026 00:32:23
2026-06-23,54790,Blue Diesel,2.239,0,22/06/2026 06:14:12
2026-06-23,54790,Blue Diesel,2.014,1,23/06/2026 00:32:23
2026-06-22,5547,Benzina,1.829,1,21/06/2026 09:15:39
2026-06-22,5547,Gasolio,1.939,1,21/06/2026 09:15:39
2026-06-22,34696,Benzina,2.109,0,21/06/2026 23:24:22
2026-06-22,34696,Benzina,1.889,1,21/06/2026 23:24:22
2026-06-22,34696,Gasolio,2.219,0,21/06/2026 23:24:22
2026-06-22,34696,Gasolio,1.999,1,21/06/2026 23:24:22
2026-06-22,34696,Blue Diesel,2.080,0,21/06/2026 23:24:22
2026-06-22,34696,Blue Diesel,1.860,1,21/06/2026 23:24:22
2026-06-22,48499,Benzina,1.849,1,19/06/2026 07:39:18
2026-06-22,48499,Gasolio,1.959,1,19/06/2026 07:39:18
2026-06-22,54790,Benzina,2.049,0,22/06/2026 06:14:12
2026-06-22,54790,Benzina,1.824,1,22/06/2026 05:52:02
2026-06-22,54790,Gasolio,2.139,0,22/06/2026 06:14:12
2026-06-22,54790,Gasolio,1.914,1,22/06/2026 05:52:02
2026-06-22,54790,Blue Diesel,2.239,0,22/06/2026 06:14:12
2026-06-22,54790,Blue Diesel,2.014,1,22/06/2026 05:52:02
2026-06-09,5547,Benzina,1.929,1,08/06/2026 09:16:49
2026-06-09,5547,Gasolio,2.009,1,08/06/2026 11:14:19
2026-06-09,34696,Benzina,2.169,0,08/06/2026 23:16:57
2026-06-09,34696,Benzina,1.949,1,08/06/2026 23:16:57
2026-06-09,34696,Gasolio,2.239,0,08/06/2026 23:16:57
2026-06-09,34696,Gasolio,2.019,1,08/06/2026 23:16:57
2026-06-09,34696,Blue Diesel,2.080,0,08/06/2026 23:16:57
2026-06-09,34696,Blue Diesel,1.860,1,08/06/2026 23:16:57
2026-06-09,48499,Benzina,1.919,1,09/06/2026 07:39:08
2026-06-09,48499,Gasolio,2.029,1,09/06/2026 07:39:08
2026-06-09,54790,Benzina,2.129,0,08/06/2026 06:08:04
2026-06-09,54790,Benzina,1.904,1,08/06/2026 23:47:06
2026-06-09,54790,Gasolio,2.260,0,08/06/2026 06:08:04
2026-06-09,54790,Gasolio,2.035,1,08/06/2026 23:47:06
2026-06-09,54790,Blue Diesel,2.360,0,08/06/2026 06:08:04
2026-06-09,54790,Blue Diesel,2.135,1,08/06/2026 23:47:06
2026-05-01,5547,Benzina,1.759,1,30/04/2026 09:14:38
2026-05-01,5547,Gasolio,2.049,1,30/04/2026 09:14:38
2026-05-01,34696,Benzina,2.007,0,30/04/2026 23:17:23
2026-05-01,34696,Benzina,1.787,1,30/04/2026 23:17:23
2026-05-01,34696,Gasolio,2.299,0,30/04/2026 12:16:07
2026-05-01,34696,Gasolio,2.079,1,30/04/2026 12:16:07
2026-05-01,34696,Blue Diesel,2.080,0,30/04/2026 23:17:23
2026-05-01,34696,Blue Diesel,1.860,1,30/04/2026 23:17:23
2026-05-01,48499,Benzina,1.779,1,01/05/2026 07:43:01
2026-05-01,48499,Gasolio,2.059,1,01/05/2026 07:43:01
2026-05-01,54790,Benzina,1.997,0,01/05/2026 06:32:12
2026-05-01,54790,Benzina,1.772,1,01/05/2026 05:52:06
2026-05-01,54790,Gasolio,2.269,0,01/05/2026 06:32:12
2026-05-01,54790,Gasolio,2.044,1,01/05/2026 05:52:06
2026-05-01,54790,Blue Diesel,2.369,0,01/05/2026 06:32:12
2026-05-01,54790,Blue Diesel,2.144,1,01/05/2026 05:52:06
2026-04-16,5547,Benzina,1.759,1,15/04/2026 09:08:25
2026-04-16,5547,Gasolio,2.129,1,15/04/2026 19:11:26
2026-04-16,34696,Benzina,1.997,0,15/04/2026 14:36:09
2026-04-16,34696,Benzina,1.777,1,15/04/2026 14:36:09
2026-04-16,34696,Gasolio,2.319,0,15/04/2026 14:36:09
2026-04-16,34696,Gasolio,2.099,1,15/04/2026 14:34:08
2026-04-16,34696,Blue Diesel,2.080,0,14/04/2026 23:07:02
2026-04-16,34696,Blue Diesel,1.860,1,14/04/2026 23:07:02
2026-04-16,48499,Benzina,1.779,1,16/04/2026 07:18:06
2026-04-16,48499,Gasolio,2.119,1,16/04/2026 07:18:06
2026-04-16,54790,Benzina,1.997,0,14/04/2026 23:46:43
2026-04-16,54790,Benzina,1.772,1,14/04/2026 23:46:43
2026-04-16,54790,Gasolio,2.329,0,14/04/2026 23:46:43
2026-04-16,54790,Gasolio,2.099,1,15/04/2026 14:08:09
2026-04-16,54790,Blue Diesel,2.429,0,14/04/2026 23:46:43
2026-04-16,54790,Blue Diesel,2.204,1,14/04/2026 23:46:43
2026-04-18,5547,Benzina,1.749,1,17/04/2026 15:10:58
2026-04-18,5547,Gasolio,2.089,1,17/04/2026 15:10:59
2026-04-18,34696,Benzina,1.997,0,17/04/2026 22:49:41
2026-04-18,34696,Benzina,1.777,1,17/04/2026 22:49:41
2026-04-18,34696,Gasolio,2.319,0,17/04/2026 07:14:19
2026-04-18,34696,Gasolio,2.099,1,17/04/2026 22:49:41
2026-04-18,34696,Blue Diesel,2.080,0,17/04/2026 22:49:41
2026-04-18,34696,Blue Diesel,1.860,1,17/04/2026 22:49:41
2026-04-18,48499,Benzina,1.779,1,16/04/2026 07:18:06
2026-04-18,48499,Gasolio,2.119,1,16/04/2026 07:18:06
2026-04-18,54790,Benzina,1.987,0,17/04/2026 14:52:04
2026-04-18,54790,Benzina,1.762,1,17/04/2026 14:08:09
2026-04-18,54790,Gasolio,2.319,0,17/04/2026 14:52:04
2026-04-18,54790,Gasolio,2.089,1,17/04/2026 14:08:09
2026-04-18,54790,Blue Diesel,2.419,0,17/04/2026 14:52:04
2026-04-18,54790,Blue Diesel,2.194,1,17/04/2026 14:08:09
2026-04-25,5547,Benzina,1.739,1,24/04/2026 09:24:00
2026-04-25,5547,Gasolio,2.029,1,24/04/2026 09:24:00
2026-04-25,34696,Benzina,1.987,0,24/04/2026 23:11:46
2026-04-25,34696,Benzina,1.767,1,24/04/2026 23:11:46
2026-04-25,34696,Gasolio,2.319,0,24/04/2026 23:11:46
2026-04-25,34696,Gasolio,2.099,1,24/04/2026 23:11:46
2026-04-25,34696,Blue Diesel,2.080,0,24/04/2026 23:11:46
2026-04-25,34696,Blue Diesel,1.860,1,24/04/2026 23:11:46
2026-04-25,48499,Benzina,1.789,1,25/04/2026 07:42:54
2026-04-25,48499,Gasolio,2.069,1,25/04/2026 07:42:54
2026-04-25,54790,Benzina,1.957,0,24/04/2026 23:56:13
2026-04-25,54790,Benzina,1.732,1,24/04/2026 23:56:13
2026-04-25,54790,Gasolio,2.289,0,24/04/2026 23:56:13
2026-04-25,54790,Gasolio,2.064,1,24/04/2026 23:56:13
2026-04-25,54790,Blue Diesel,2.389,0,24/04/2026 23:56:13
2026-04-25,54790,Blue Diesel,2.164,1,24/04/2026 23:56:13
2026-05-15,5547,Benzina,1.918,1,14/05/2026 16:19:37
2026-05-15,5547,Gasolio,1.938,1,14/05/2026 16:19:37
2026-05-15,34696,Benzina,2.200,0,14/05/2026 23:18:07
2026-05-15,34696,Benzina,1.980,1,14/05/2026 23:44:23
2026-05-15,34696,Gasolio,2.239,0,14/05/2026 23:18:07
2026-05-15,34696,Gasolio,2.019,1,14/05/2026 23:44:23
2026-05-15,34696,Blue Diesel,2.080,0,14/05/2026 23:44:23
2026-05-15,34696,Blue Diesel,1.860,1,14/05/2026 23:44:23
2026-05-15,48499,Benzina,1.979,1,14/05/2026 07:44:01
2026-05-15,48499,Gasolio,1.969,1,14/05/2026 17:07:16
2026-05-15,54790,Benzina,2.180,0,14/05/2026 06:40:14
2026-05-15,54790,Benzina,1.955,1,14/05/2026 06:14:01
2026-05-15,54790,Gasolio,2.209,0,14/05/2026 06:40:14
2026-05-15,54790,Gasolio,1.984,1,14/05/2026 06:14:01
2026-05-15,54790,Blue Diesel,2.309,0,14/05/2026 06:40:14
2026-05-15,54790,Blue Diesel,2.084,1,14/05/2026 06:14:01
2026-04-27,5547,Benzina,1.739,1,26/04/2026 09:12:43
2026-04-27,5547,Gasolio,2.029,1,26/04/2026 09:12:43
2026-04-27,34696,Benzina,1.987,0,26/04/2026 22:37:16
2026-04-27,34696,Benzina,1.767,1,26/04/2026 22:37:16
2026-04-27,34696,Gasolio,2.319,0,26/04/2026 22:37:16
2026-04-27,34696,Gasolio,2.099,1,26/04/2026 22:37:16
2026-04-27,34696,Blue Diesel,2.080,0,26/04/2026 22:37:16
2026-04-27,34696,Blue Diesel,1.860,1,26/04/2026 22:37:16
2026-04-27,48499,Benzina,1.789,1,25/04/2026 07:42:54
2026-04-27,48499,Gasolio,2.069,1,25/04/2026 07:42:54
2026-04-27,54790,Benzina,1.957,0,26/04/2026 23:17:06
2026-04-27,54790,Benzina,1.732,1,26/04/2026 23:17:06
2026-04-27,54790,Gasolio,2.289,0,26/04/2026 23:17:06
2026-04-27,54790,Gasolio,2.064,1,26/04/2026 23:17:06
2026-04-27,54790,Blue Diesel,2.389,0,26/04/2026 23:17:06
2026-04-27,54790,Blue Diesel,2.164,1,26/04/2026 23:17:06
2026-06-06,5547,Benzina,1.929,1,05/06/2026 09:13:57
2026-06-06,5547,Gasolio,1.949,1,05/06/2026 09:13:57
2026-06-06,34696,Benzina,2.169,0,05/06/2026 07:14:09
2026-06-06,34696,Benzina,1.949,1,05/06/2026 07:14:09
2026-06-06,34696,Gasolio,2.239,0,05/06/2026 23:22:11
2026-06-06,34696,Gasolio,2.019,1,05/06/2026 23:57:58
2026-06-06,34696,Blue Diesel,2.080,0,05/06/2026 23:57:58
2026-06-06,34696,Blue Diesel,1.860,1,05/06/2026 23:57:58
2026-06-06,48499,Benzina,1.949,1,06/06/2026 07:06:20
2026-06-06,48499,Gasolio,1.969,1,06/06/2026 07:06:20
2026-06-06,54790,Benzina,2.159,0,05/06/2026 23:28:13
2026-06-06,54790,Benzina,1.934,1,05/06/2026 23:59:45
2026-06-06,54790,Gasolio,2.209,0,05/06/2026 23:28:13
2026-06-06,54790,Gasolio,1.984,1,05/06/2026 23:59:45
2026-06-06,54790,Blue Diesel,2.309,0,05/06/2026 23:28:13
2026-06-06,54790,Blue Diesel,2.084,1,05/06/2026 23:59:45
2026-05-02,5547,Benzina,1.759,1,01/05/2026 09:12:18
2026-05-02,5547,Gasolio,2.049,1,01/05/2026 09:12:18
2026-05-02,34696,Benzina,2.007,0,01/05/2026 22:59:07
2026-05-02,34696,Benzina,1.787,1,01/05/2026 22:59:07
2026-05-02,34696,Gasolio,2.299,0,01/05/2026 22:59:07
2026-05-02,34696,Gasolio,2.079,1,01/05/2026 22:59:07
2026-05-02,34696,Blue Diesel,2.080,0,01/05/2026 22:59:07
2026-05-02,34696,Blue Diesel,1.860,1,01/05/2026 22:59:07
2026-05-02,48499,Benzina,1.958,1,02/05/2026 07:52:02
2026-05-02,48499,Gasolio,2.059,1,02/05/2026 07:52:02
2026-05-02,54790,Benzina,2.180,0,02/05/2026 06:46:17
2026-05-02,54790,Benzina,1.955,1,02/05/2026 06:15:02
2026-05-02,54790,Gasolio,2.269,0,01/05/2026 06:32:12
2026-05-02,54790,Gasolio,2.044,1,01/05/2026 05:52:06
2026-05-02,54790,Blue Diesel,2.369,0,01/05/2026 06:32:12
2026-05-02,54790,Blue Diesel,2.144,1,01/05/2026 05:52:06
2026-04-12,5547,Benzina,1.759,1,11/04/2026 09:11:15
2026-04-12,5547,Gasolio,2.219,1,11/04/2026 09:11:15
2026-04-12,34696,Benzina,2.017,0,11/04/2026 23:26:50
2026-04-12,34696,Benzina,1.797,1,11/04/2026 23:26:50
2026-04-12,34696,Gasolio,2.349,0,11/04/2026 23:26:50
2026-04-12,34696,Gasolio,2.129,1,11/04/2026 23:26:50
2026-04-12,34696,Blue Diesel,2.080,0,11/04/2026 23:26:50
2026-04-12,34696,Blue Diesel,1.860,1,11/04/2026 23:26:50
2026-04-12,48499,Benzina,1.769,1,10/04/2026 07:44:45
2026-04-12,48499,Gasolio,2.199,1,10/04/2026 07:44:45
2026-04-12,54790,Benzina,2.017,0,11/04/2026 23:16:41
2026-04-12,54790,Benzina,1.792,1,11/04/2026 23:16:41
2026-04-12,54790,Gasolio,2.349,0,11/04/2026 23:16:41
2026-04-12,54790,Gasolio,2.124,1,11/04/2026 23:16:41
2026-04-12,54790,Blue Diesel,2.449,0,11/04/2026 23:16:41
2026-04-12,54790,Blue Diesel,2.224,1,11/04/2026 23:16:41
2026-05-29,5547,Benzina,1.932,1,28/05/2026 17:09:56
2026-05-29,5547,Gasolio,1.962,1,28/05/2026 17:09:56
2026-05-29,34696,Benzina,2.189,0,29/05/2026 07:24:12
2026-05-29,34696,Benzina,1.969,1,29/05/2026 07:24:12
2026-05-29,34696,Gasolio,2.239,0,29/05/2026 07:24:12
2026-05-29,34696,Gasolio,2.019,1,29/05/2026 07:24:12
2026-05-29,34696,Blue Diesel,2.080,0,28/05/2026 23:54:08
2026-05-29,34696,Blue Diesel,1.860,1,28/05/2026 23:54:08
2026-05-29,48499,Benzina,1.949,1,28/05/2026 07:44:08
2026-05-29,48499,Gasolio,1.989,1,28/05/2026 07:44:08
2026-05-29,54790,Benzina,2.219,0,28/05/2026 23:30:37
2026-05-29,54790,Benzina,1.994,1,28/05/2026 23:55:37
2026-05-29,54790,Gasolio,2.291,0,28/05/2026 23:30:37
2026-05-29,54790,Gasolio,2.066,1,28/05/2026 23:55:37
2026-05-29,54790,Blue Diesel,2.391,0,28/05/2026 23:30:37
2026-05-29,54790,Blue Diesel,2.166,1,28/05/2026 23:55:37
2026-04-28,5547,Benzina,1.749,1,27/04/2026 17:09:55
2026-04-28,5547,Gasolio,2.039,1,27/04/2026 17:09:55
2026-04-28,34696,Benzina,2.007,0,28/04/2026 07:20:13
2026-04-28,34696,Benzina,1.787,1,28/04/2026 07:20:13
2026-04-28,34696,Gasolio,2.329,0,28/04/2026 07:20:13
2026-04-28,34696,Gasolio,2.109,1,28/04/2026 07:20:13
2026-04-28,34696,Blue Diesel,2.080,0,27/04/2026 22:43:27
2026-04-28,34696,Blue Diesel,1.860,1,27/04/2026 22:43:27
2026-04-28,48499,Benzina,1.789,1,25/04/2026 07:42:54
2026-04-28,48499,Gasolio,2.069,1,25/04/2026 07:42:54
2026-04-28,54790,Benzina,1.977,0,28/04/2026 06:32:06
2026-04-28,54790,Benzina,1.752,1,28/04/2026 06:16:11
2026-04-28,54790,Gasolio,2.299,0,28/04/2026 06:32:06
2026-04-28,54790,Gasolio,2.074,1,28/04/2026 06:16:11
2026-04-28,54790,Blue Diesel,2.399,0,28/04/2026 06:32:06
2026-04-28,54790,Blue Diesel,2.174,1,28/04/2026 06:16:11
2026-05-06,5547,Benzina,1.968,1,05/05/2026 19:08:25
2026-05-06,5547,Gasolio,2.038,1,05/05/2026 09:42:32
2026-05-06,34696,Benzina,2.199,0,05/05/2026 23:26:25
2026-05-06,34696,Benzina,1.989,1,06/05/2026 00:00:00
2026-05-06,34696,Gasolio,2.299,0,05/05/2026 23:26:25
2026-05-06,34696,Gasolio,2.079,1,06/05/2026 00:00:00
2026-05-06,34696,Blue Diesel,2.080,0,06/05/2026 00:00:00
2026-05-06,34696,Blue Diesel,1.860,1,06/05/2026 00:00:00
2026-05-06,48499,Benzina,1.948,1,06/05/2026 07:14:20
2026-05-06,48499,Gasolio,2.059,1,06/05/2026 07:14:20
2026-05-06,54790,Benzina,2.180,0,05/05/2026 23:32:13
2026-05-06,54790,Benzina,1.955,1,05/05/2026 23:53:45
2026-05-06,54790,Gasolio,2.269,0,05/05/2026 23:32:13
2026-05-06,54790,Gasolio,2.044,1,05/05/2026 23:53:45
2026-05-06,54790,Blue Diesel,2.369,0,05/05/2026 23:32:13
2026-05-06,54790,Blue Diesel,2.144,1,05/05/2026 23:53:45
2026-06-05,5547,Benzina,1.929,1,04/06/2026 17:06:44
2026-06-05,5547,Gasolio,1.949,1,04/06/2026 17:06:44
2026-06-05,34696,Benzina,2.169,0,05/06/2026 07:14:09
2026-06-05,34696,Benzina,1.949,1,05/06/2026 07:14:09
2026-06-05,34696,Gasolio,2.239,0,04/06/2026 23:22:50
2026-06-05,34696,Gasolio,2.019,1,04/06/2026 23:22:50
2026-06-05,34696,Blue Diesel,2.080,0,04/06/2026 23:22:50
2026-06-05,34696,Blue Diesel,1.860,1,04/06/2026 23:22:50
2026-06-05,48499,Benzina,1.949,1,30/05/2026 07:18:39
2026-06-05,48499,Gasolio,1.979,1,30/05/2026 07:18:39
2026-06-05,54790,Benzina,2.159,0,04/06/2026 23:29:13
2026-06-05,54790,Benzina,1.934,1,04/06/2026 23:55:46
2026-06-05,54790,Gasolio,2.209,0,04/06/2026 23:29:13
2026-06-05,54790,Gasolio,1.984,1,04/06/2026 23:55:46
2026-06-05,54790,Blue Diesel,2.309,0,04/06/2026 23:29:13
2026-06-05,54790,Blue Diesel,2.084,1,04/06/2026 23:55:46
2026-04-23,5547,Benzina,1.739,1,22/04/2026 09:16:18
2026-04-23,5547,Gasolio,2.039,1,22/04/2026 09:16:18
2026-04-23,34696,Benzina,1.987,0,23/04/2026 07:24:09
2026-04-23,34696,Benzina,1.767,1,23/04/2026 07:24:09
2026-04-23,34696,Gasolio,2.319,0,23/04/2026 07:24:09
2026-04-23,34696,Gasolio,2.099,1,23/04/2026 07:24:09
2026-04-23,34696,Blue Diesel,2.080,0,22/04/2026 23:08:25
2026-04-23,34696,Blue Diesel,1.860,1,22/04/2026 23:08:25
2026-04-23,48499,Benzina,1.769,1,21/04/2026 07:43:09
2026-04-23,48499,Gasolio,2.069,1,21/04/2026 17:07:53
2026-04-23,54790,Benzina,1.957,0,23/04/2026 06:34:18
2026-04-23,54790,Benzina,1.732,1,23/04/2026 06:28:09
2026-04-23,54790,Gasolio,2.289,0,23/04/2026 06:34:18
2026-04-23,54790,Gasolio,2.064,1,23/04/2026 06:28:09
2026-04-23,54790,Blue Diesel,2.389,0,23/04/2026 06:34:17
2026-04-23,54790,Blue Diesel,2.164,1,23/04/2026 06:28:09
2026-05-30,5547,Benzina,1.932,1,29/05/2026 09:10:32
2026-05-30,5547,Gasolio,1.962,1,29/05/2026 09:10:32
2026-05-30,34696,Benzina,2.189,0,29/05/2026 07:24:12
2026-05-30,34696,Benzina,1.969,1,29/05/2026 07:24:12
2026-05-30,34696,Gasolio,2.239,0,29/05/2026 07:24:12
2026-05-30,34696,Gasolio,2.019,1,29/05/2026 07:24:12
2026-05-30,34696,Blue Diesel,2.080,0,29/05/2026 23:54:26
2026-05-30,34696,Blue Diesel,1.860,1,29/05/2026 23:54:26
2026-05-30,48499,Benzina,1.949,1,30/05/2026 07:18:39
2026-05-30,48499,Gasolio,1.979,1,30/05/2026 07:18:39
2026-05-30,54790,Benzina,2.219,0,29/05/2026 23:32:28
2026-05-30,54790,Benzina,1.994,1,29/05/2026 23:55:13
2026-05-30,54790,Gasolio,2.291,0,29/05/2026 23:32:28
2026-05-30,54790,Gasolio,2.066,1,29/05/2026 23:55:13
2026-05-30,54790,Blue Diesel,2.391,0,29/05/2026 23:32:28
2026-05-30,54790,Blue Diesel,2.166,1,29/05/2026 23:55:13
2026-05-13,5547,Benzina,1.928,1,12/05/2026 19:08:41
2026-05-13,5547,Gasolio,1.948,1,12/05/2026 09:13:40
2026-05-13,34696,Benzina,2.200,0,12/05/2026 23:32:40
2026-05-13,34696,Benzina,1.980,1,12/05/2026 23:32:40
2026-05-13,34696,Gasolio,2.239,0,12/05/2026 12:44:04
2026-05-13,34696,Gasolio,2.019,1,12/05/2026 12:44:04
2026-05-13,34696,Blue Diesel,2.080,0,12/05/2026 23:32:40
2026-05-13,34696,Blue Diesel,1.860,1,12/05/2026 23:32:40
2026-05-13,48499,Benzina,1.949,1,13/05/2026 07:47:20
2026-05-13,48499,Gasolio,1.969,1,13/05/2026 07:47:20
2026-05-13,54790,Benzina,2.170,0,12/05/2026 23:39:59
2026-05-13,54790,Benzina,1.945,1,13/05/2026 00:07:22
2026-05-13,54790,Gasolio,2.219,0,12/05/2026 23:39:59
2026-05-13,54790,Gasolio,1.994,1,13/05/2026 00:07:22
2026-05-13,54790,Blue Diesel,2.319,0,12/05/2026 23:39:59
2026-05-13,54790,Blue Diesel,2.094,1,13/05/2026 00:07:22
2026-05-26,5547,Benzina,1.925,1,25/05/2026 17:10:00
2026-05-26,5547,Gasolio,2.045,1,25/05/2026 17:10:00
2026-05-26,34696,Benzina,2.239,0,25/05/2026 23:17:21
2026-05-26,34696,Benzina,2.029,1,25/05/2026 23:17:21
2026-05-26,34696,Gasolio,2.279,0,25/05/2026 23:17:21
2026-05-26,34696,Gasolio,2.069,1,25/05/2026 23:17:21
2026-05-26,34696,Blue Diesel,2.080,0,25/05/2026 23:17:21
2026-05-26,34696,Blue Diesel,1.860,1,25/05/2026 23:17:21
2026-05-26,48499,Benzina,1.949,1,26/05/2026 07:18:29
2026-05-26,48499,Gasolio,2.099,1,26/05/2026 07:18:29
2026-05-26,54790,Benzina,2.219,0,25/05/2026 23:22:53
2026-05-26,54790,Benzina,1.994,1,25/05/2026 23:46:37
2026-05-26,54790,Gasolio,2.291,0,25/05/2026 23:22:53
2026-05-26,54790,Gasolio,2.066,1,25/05/2026 23:46:37
2026-05-26,54790,Blue Diesel,2.391,0,25/05/2026 23:22:53
2026-05-26,54790,Blue Diesel,2.166,1,25/05/2026 23:46:37
2026-04-24,5547,Benzina,1.739,1,23/04/2026 09:29:07
2026-04-24,5547,Gasolio,2.029,1,23/04/2026 17:09:57
2026-04-24,34696,Benzina,1.987,0,23/04/2026 07:24:09
2026-04-24,34696,Benzina,1.767,1,23/04/2026 07:24:09
2026-04-24,34696,Gasolio,2.319,0,23/04/2026 07:24:09
2026-04-24,34696,Gasolio,2.099,1,23/04/2026 07:24:09
2026-04-24,34696,Blue Diesel,2.080,0,23/04/2026 23:56:12
2026-04-24,34696,Blue Diesel,1.860,1,23/04/2026 23:56:12
2026-04-24,48499,Benzina,1.769,1,21/04/2026 07:43:09
2026-04-24,48499,Gasolio,2.069,1,21/04/2026 17:07:53
2026-04-24,54790,Benzina,1.957,0,23/04/2026 06:34:18
2026-04-24,54790,Benzina,1.732,1,23/04/2026 06:28:09
2026-04-24,54790,Gasolio,2.289,0,23/04/2026 06:34:18
2026-04-24,54790,Gasolio,2.064,1,23/04/2026 06:28:09
2026-04-24,54790,Blue Diesel,2.389,0,23/04/2026 06:34:17
2026-04-24,54790,Blue Diesel,2.164,1,23/04/2026 06:28:09
2026-05-20,5547,Benzina,1.968,1,19/05/2026 17:18:45
2026-05-20,5547,Gasolio,1.968,1,19/05/2026 09:17:03
2026-05-20,34696,Benzina,2.200,0,19/05/2026 23:20:32
2026-05-20,34696,Benzina,1.980,1,19/05/2026 23:20:32
2026-05-20,34696,Gasolio,2.239,0,19/05/2026 23:20:32
2026-05-20,34696,Gasolio,2.019,1,19/05/2026 23:20:32
2026-05-20,34696,Blue Diesel,2.080,0,19/05/2026 23:20:32
2026-05-20,34696,Blue Diesel,1.860,1,19/05/2026 23:20:32
2026-05-20,48499,Benzina,1.969,1,16/05/2026 07:12:02
2026-05-20,48499,Gasolio,1.969,1,16/05/2026 07:12:02
2026-05-20,54790,Benzina,2.220,0,20/05/2026 06:40:11
2026-05-20,54790,Benzina,1.995,1,20/05/2026 06:04:04
2026-05-20,54790,Gasolio,2.219,0,19/05/2026 06:40:31
2026-05-20,54790,Gasolio,1.994,1,19/05/2026 05:50:02
2026-05-20,54790,Blue Diesel,2.319,0,19/05/2026 06:40:31
2026-05-20,54790,Blue Diesel,2.094,1,19/05/2026 05:50:02
2026-04-04,5547,Benzina,1.759,1,03/04/2026 09:12:56
2026-04-04,5547,Gasolio,2.259,1,03/04/2026 09:12:57
2026-04-04,34696,Benzina,1.987,0,03/04/2026 08:32:13
2026-04-04,34696,Benzina,1.767,1,03/04/2026 08:32:13
2026-04-04,34696,Gasolio,2.219,0,03/04/2026 08:32:13
2026-04-04,34696,Gasolio,1.999,1,03/04/2026 08:32:13
2026-04-04,34696,Blue Diesel,2.080,0,03/04/2026 22:48:39
2026-04-04,34696,Blue Diesel,1.860,1,03/04/2026 22:48:39
2026-04-04,48499,Benzina,1.819,1,03/04/2026 09:26:59
2026-04-04,48499,Gasolio,2.199,1,03/04/2026 09:26:59
2026-04-04,54790,Benzina,1.987,0,03/04/2026 16:52:14
2026-04-04,54790,Benzina,1.762,1,03/04/2026 16:38:12
2026-04-04,54790,Gasolio,2.219,0,03/04/2026 16:52:14
2026-04-04,54790,Gasolio,1.994,1,03/04/2026 16:38:12
2026-04-04,54790,Blue Diesel,2.319,0,03/04/2026 16:52:14
2026-04-04,54790,Blue Diesel,2.094,1,03/04/2026 16:38:12
2026-06-28,5547,Benzina,1.792,1,27/06/2026 09:13:48
2026-06-28,5547,Gasolio,1.872,1,27/06/2026 09:13:48
2026-06-28,34696,Benzina,2.079,0,27/06/2026 23:29:08
2026-06-28,34696,Benzina,1.859,1,28/06/2026 00:53:30
2026-06-28,34696,Gasolio,2.149,0,27/06/2026 07:56:14
2026-06-28,34696,Gasolio,1.929,1,28/06/2026 00:53:30
2026-06-28,34696,Blue Diesel,2.080,0,28/06/2026 00:53:30
2026-06-28,34696,Blue Diesel,1.860,1,28/06/2026 00:53:30
2026-06-28,48499,Benzina,1.789,1,26/06/2026 07:45:43
2026-06-28,48499,Gasolio,1.849,1,26/06/2026 07:45:43
2026-06-28,54790,Benzina,2.049,0,27/06/2026 23:45:51
2026-06-28,54790,Benzina,1.824,1,28/06/2026 01:05:25
2026-06-28,54790,Gasolio,2.129,0,27/06/2026 23:45:51
2026-06-28,54790,Gasolio,1.904,1,28/06/2026 01:05:25
2026-06-28,54790,Blue Diesel,2.229,0,27/06/2026 23:45:51
2026-06-28,54790,Blue Diesel,2.004,1,28/06/2026 01:05:25
2026-04-06,5547,Benzina,1.759,1,05/04/2026 09:11:38
2026-04-06,5547,Gasolio,2.259,1,05/04/2026 09:11:38
2026-04-06,34696,Benzina,1.987,0,05/04/2026 23:54:42
2026-04-06,34696,Benzina,1.767,1,05/04/2026 23:54:42
2026-04-06,34696,Gasolio,2.219,0,05/04/2026 23:54:42
2026-04-06,34696,Gasolio,1.999,1,05/04/2026 23:54:42
2026-04-06,34696,Blue Diesel,2.080,0,05/04/2026 23:54:42
2026-04-06,34696,Blue Diesel,1.860,1,05/04/2026 23:54:42
2026-04-06,48499,Benzina,1.829,1,04/04/2026 08:10:47
2026-04-06,48499,Gasolio,2.229,1,04/04/2026 08:10:47
2026-04-06,54790,Benzina,1.987,0,05/04/2026 23:17:09
2026-04-06,54790,Benzina,1.762,1,05/04/2026 23:17:09
2026-04-06,54790,Gasolio,2.219,0,05/04/2026 23:17:09
2026-04-06,54790,Gasolio,1.994,1,05/04/2026 23:17:09
2026-04-06,54790,Blue Diesel,2.319,0,05/04/2026 23:17:09
2026-04-06,54790,Blue Diesel,2.094,1,05/04/2026 23:17:09
2026-05-08,5547,Benzina,1.928,1,07/05/2026 19:08:59
2026-05-08,5547,Gasolio,1.999,1,07/05/2026 19:08:59
2026-05-08,34696,Benzina,2.199,0,07/05/2026 23:20:55
2026-05-08,34696,Benzina,1.989,1,07/05/2026 23:46:59
2026-05-08,34696,Gasolio,2.299,0,07/05/2026 23:20:55
2026-05-08,34696,Gasolio,2.079,1,07/05/2026 23:46:59
2026-05-08,34696,Blue Diesel,2.080,0,07/05/2026 23:46:59
2026-05-08,34696,Blue Diesel,1.860,1,07/05/2026 23:46:59
2026-05-08,48499,Benzina,1.949,1,08/05/2026 07:11:10
2026-05-08,48499,Gasolio,2.019,1,08/05/2026 07:11:10
2026-05-08,54790,Benzina,2.180,0,07/05/2026 23:25:46
2026-05-08,54790,Benzina,1.955,1,07/05/2026 23:48:15
2026-05-08,54790,Gasolio,2.269,0,07/05/2026 23:25:46
2026-05-08,54790,Gasolio,2.044,1,07/05/2026 23:48:15
2026-05-08,54790,Blue Diesel,2.369,0,07/05/2026 23:25:46
2026-05-08,54790,Blue Diesel,2.144,1,07/05/2026 23:48:15
2026-06-29,5547,Benzina,1.792,1,28/06/2026 09:14:23
2026-06-29,5547,Gasolio,1.872,1,28/06/2026 09:14:23
2026-06-29,34696,Benzina,2.079,0,28/06/2026 23:31:22
2026-06-29,34696,Benzina,1.859,1,28/06/2026 00:53:30
2026-06-29,34696,Gasolio,2.149,0,28/06/2026 23:31:22
2026-06-29,34696,Gasolio,1.929,1,28/06/2026 00:53:30
2026-06-29,34696,Blue Diesel,2.080,0,28/06/2026 00:53:30
2026-06-29,34696,Blue Diesel,1.860,1,28/06/2026 00:53:30
2026-06-29,48499,Benzina,1.789,1,26/06/2026 07:45:43
2026-06-29,48499,Gasolio,1.849,1,26/06/2026 07:45:43
2026-06-29,54790,Benzina,2.049,0,28/06/2026 23:46:28
2026-06-29,54790,Benzina,1.824,1,28/06/2026 01:05:25
2026-06-29,54790,Gasolio,2.129,0,28/06/2026 23:46:28
2026-06-29,54790,Gasolio,1.904,1,28/06/2026 01:05:25
2026-06-29,54790,Blue Diesel,2.229,0,28/06/2026 23:46:28
2026-06-29,54790,Blue Diesel,2.004,1,28/06/2026 01:05:25
2026-05-07,5547,Benzina,1.938,1,06/05/2026 19:08:51
2026-05-07,5547,Gasolio,2.028,1,06/05/2026 19:08:51
2026-05-07,34696,Benzina,2.199,0,06/05/2026 23:23:04
2026-05-07,34696,Benzina,1.989,1,06/05/2026 00:00:00
2026-05-07,34696,Gasolio,2.299,0,06/05/2026 23:23:04
2026-05-07,34696,Gasolio,2.079,1,06/05/2026 00:00:00
2026-05-07,34696,Blue Diesel,2.080,0,06/05/2026 00:00:00
2026-05-07,34696,Blue Diesel,1.860,1,06/05/2026 00:00:00
2026-05-07,48499,Benzina,1.948,1,07/05/2026 07:42:48
2026-05-07,48499,Gasolio,2.029,1,07/05/2026 07:42:48
2026-05-07,54790,Benzina,2.180,0,06/05/2026 23:29:31
2026-05-07,54790,Benzina,1.955,1,06/05/2026 23:56:03
2026-05-07,54790,Gasolio,2.269,0,06/05/2026 23:29:31
2026-05-07,54790,Gasolio,2.044,1,06/05/2026 23:56:03
2026-05-07,54790,Blue Diesel,2.369,0,06/05/2026 23:29:31
2026-05-07,54790,Blue Diesel,2.144,1,06/05/2026 23:56:03
2026-04-29,5547,Benzina,1.759,1,28/04/2026 19:09:58
2026-04-29,5547,Gasolio,2.049,1,28/04/2026 19:09:58
2026-04-29,34696,Benzina,2.007,0,28/04/2026 07:20:13
2026-04-29,34696,Benzina,1.787,1,28/04/2026 07:20:13
2026-04-29,34696,Gasolio,2.329,0,28/04/2026 07:20:13
2026-04-29,34696,Gasolio,2.109,1,28/04/2026 07:20:13
2026-04-29,34696,Blue Diesel,2.080,0,28/04/2026 23:39:25
2026-04-29,34696,Blue Diesel,1.860,1,28/04/2026 23:39:25
2026-04-29,48499,Benzina,1.769,1,29/04/2026 07:16:32
2026-04-29,48499,Gasolio,2.069,1,29/04/2026 07:16:32
2026-04-29,54790,Benzina,1.977,0,28/04/2026 06:32:06
2026-04-29,54790,Benzina,1.752,1,28/04/2026 06:16:11
2026-04-29,54790,Gasolio,2.299,0,28/04/2026 06:32:06
2026-04-29,54790,Gasolio,2.074,1,28/04/2026 06:16:11
2026-04-29,54790,Blue Diesel,2.399,0,28/04/2026 06:32:06
2026-04-29,54790,Blue Diesel,2.174,1,28/04/2026 06:16:11
2026-04-10,5547,Benzina,1.759,1,09/04/2026 09:14:10
2026-04-10,5547,Gasolio,2.259,1,09/04/2026 19:10:54
2026-04-10,34696,Benzina,2.017,0,09/04/2026 08:52:01
2026-04-10,34696,Benzina,1.797,1,09/04/2026 08:52:01
2026-04-10,34696,Gasolio,2.349,0,10/04/2026 07:14:21
2026-04-10,34696,Gasolio,2.129,1,10/04/2026 07:14:21
2026-04-10,34696,Blue Diesel,2.080,0,09/04/2026 23:38:12
2026-04-10,34696,Blue Diesel,1.860,1,09/04/2026 23:38:12
2026-04-10,48499,Benzina,1.769,1,10/04/2026 07:44:45
2026-04-10,48499,Gasolio,2.199,1,10/04/2026 07:44:45
2026-04-10,54790,Benzina,2.017,0,09/04/2026 23:10:45
2026-04-10,54790,Benzina,1.792,1,09/04/2026 23:10:45
2026-04-10,54790,Gasolio,2.349,0,10/04/2026 06:40:23
2026-04-10,54790,Gasolio,2.124,1,10/04/2026 06:34:18
2026-04-10,54790,Blue Diesel,2.449,0,10/04/2026 06:40:23
2026-04-10,54790,Blue Diesel,2.224,1,10/04/2026 06:34:18
2026-05-24,5547,Benzina,1.949,1,23/05/2026 01:21:11
2026-05-24,5547,Gasolio,1.939,1,23/05/2026 01:21:11
2026-05-24,34696,Benzina,2.239,0,23/05/2026 08:52:06
2026-05-24,34696,Benzina,2.029,1,23/05/2026 08:52:06
2026-05-24,34696,Gasolio,2.279,0,23/05/2026 10:06:28
2026-05-24,34696,Gasolio,2.069,1,23/05/2026 10:06:28
2026-05-24,34696,Blue Diesel,2.080,0,23/05/2026 23:20:08
2026-05-24,34696,Blue Diesel,1.860,1,23/05/2026 23:20:08
2026-05-24,48499,Benzina,1.949,1,24/05/2026 07:42:11
2026-05-24,48499,Gasolio,2.079,1,24/05/2026 07:42:11
2026-05-24,54790,Benzina,2.219,0,23/05/2026 09:16:02
2026-05-24,54790,Benzina,1.994,1,23/05/2026 09:16:02
2026-05-24,54790,Gasolio,2.291,0,23/05/2026 09:16:02
2026-05-24,54790,Gasolio,2.066,1,23/05/2026 09:16:02
2026-05-24,54790,Blue Diesel,2.391,0,23/05/2026 09:16:02
2026-05-24,54790,Blue Diesel,2.166,1,23/05/2026 09:16:02
2026-06-02,5547,Benzina,1.935,1,01/06/2026 13:08:46
2026-06-02,5547,Gasolio,1.955,1,01/06/2026 13:08:46
2026-06-02,34696,Benzina,2.189,0,01/06/2026 23:19:12
2026-06-02,34696,Benzina,1.969,1,01/06/2026 23:54:51
2026-06-02,34696,Gasolio,2.239,0,01/06/2026 23:19:12
2026-06-02,34696,Gasolio,2.019,1,01/06/2026 23:54:51
2026-06-02,34696,Blue Diesel,2.080,0,01/06/2026 23:54:51
2026-06-02,34696,Blue Diesel,1.860,1,01/06/2026 23:54:51
2026-06-02,48499,Benzina,1.949,1,30/05/2026 07:18:39
2026-06-02,48499,Gasolio,1.979,1,30/05/2026 07:18:39
2026-06-02,54790,Benzina,2.159,0,01/06/2026 23:24:55
2026-06-02,54790,Benzina,1.934,1,01/06/2026 23:56:27
2026-06-02,54790,Gasolio,2.209,0,01/06/2026 23:24:55
2026-06-02,54790,Gasolio,1.984,1,01/06/2026 23:56:27
2026-06-02,54790,Blue Diesel,2.309,0,01/06/2026 23:24:55
2026-06-02,54790,Blue Diesel,2.084,1,01/06/2026 23:56:27
2026-06-01,5547,Benzina,1.932,1,31/05/2026 09:08:58
2026-06-01,5547,Gasolio,1.962,1,31/05/2026 09:08:58
2026-06-01,34696,Benzina,2.189,0,31/05/2026 23:25:06
2026-06-01,34696,Benzina,1.969,1,31/05/2026 23:25:06
2026-06-01,34696,Gasolio,2.239,0,31/05/2026 23:25:06
2026-06-01,34696,Gasolio,2.019,1,31/05/2026 23:25:06
2026-06-01,34696,Blue Diesel,2.080,0,31/05/2026 23:25:06
2026-06-01,34696,Blue Diesel,1.860,1,31/05/2026 23:25:06
2026-06-01,48499,Benzina,1.949,1,30/05/2026 07:18:39
2026-06-01,48499,Gasolio,1.979,1,30/05/2026 07:18:39
2026-06-01,54790,Benzina,2.159,0,31/05/2026 23:30:34
2026-06-01,54790,Benzina,1.934,1,31/05/2026 23:30:34
2026-06-01,54790,Gasolio,2.209,0,31/05/2026 23:30:34
2026-06-01,54790,Gasolio,1.984,1,31/05/2026 23:30:34
2026-06-01,54790,Blue Diesel,2.309,0,31/05/2026 23:30:34
2026-06-01,54790,Blue Diesel,2.084,1,31/05/2026 23:30:34
2026-05-27,5547,Benzina,1.935,1,26/05/2026 11:16:09
2026-05-27,5547,Gasolio,2.025,1,26/05/2026 11:16:09
2026-05-27,34696,Benzina,2.239,0,26/05/2026 23:18:35
2026-05-27,34696,Benzina,2.029,1,26/05/2026 23:48:35
2026-05-27,34696,Gasolio,2.321,0,26/05/2026 09:10:10
2026-05-27,34696,Gasolio,2.099,1,26/05/2026 09:10:10
2026-05-27,34696,Blue Diesel,2.080,0,26/05/2026 23:48:35
2026-05-27,34696,Blue Diesel,1.860,1,26/05/2026 23:48:35
2026-05-27,48499,Benzina,1.949,1,27/05/2026 07:43:49
2026-05-27,48499,Gasolio,2.019,1,27/05/2026 07:43:49
2026-05-27,54790,Benzina,2.219,0,26/05/2026 23:24:38
2026-05-27,54790,Benzina,1.994,1,26/05/2026 23:50:35
2026-05-27,54790,Gasolio,2.291,0,26/05/2026 23:24:38
2026-05-27,54790,Gasolio,2.066,1,26/05/2026 23:50:35
2026-05-27,54790,Blue Diesel,2.391,0,26/05/2026 23:24:38
2026-05-27,54790,Blue Diesel,2.166,1,26/05/2026 23:50:35
2026-06-15,5547,Benzina,1.899,1,14/06/2026 09:12:25
2026-06-15,5547,Gasolio,1.979,1,14/06/2026 09:12:25
2026-06-15,34696,Benzina,2.169,0,14/06/2026 23:33:06
2026-06-15,34696,Benzina,1.949,1,14/06/2026 23:33:06
2026-06-15,34696,Gasolio,2.239,0,14/06/2026 23:33:06
2026-06-15,34696,Gasolio,2.019,1,14/06/2026 23:33:06
2026-06-15,34696,Blue Diesel,2.080,0,14/06/2026 23:33:06
2026-06-15,34696,Blue Diesel,1.860,1,14/06/2026 23:33:06
2026-06-15,48499,Benzina,1.919,1,12/06/2026 13:38:19
2026-06-15,48499,Gasolio,1.979,1,12/06/2026 13:38:19
2026-06-15,54790,Benzina,2.099,0,15/06/2026 06:10:05
2026-06-15,54790,Benzina,1.874,1,15/06/2026 06:10:05
2026-06-15,54790,Gasolio,2.209,0,15/06/2026 06:10:05
2026-06-15,54790,Gasolio,1.984,1,15/06/2026 06:10:04
2026-06-15,54790,Blue Diesel,2.309,0,15/06/2026 06:10:04
2026-06-15,54790,Blue Diesel,2.084,1,15/06/2026 06:10:04
2026-04-19,5547,Benzina,1.749,1,18/04/2026 09:12:10
2026-04-19,5547,Gasolio,2.089,1,18/04/2026 09:12:10
2026-04-19,34696,Benzina,1.997,0,18/04/2026 23:16:35
2026-04-19,34696,Benzina,1.777,1,18/04/2026 23:16:35
2026-04-19,34696,Gasolio,2.319,0,18/04/2026 23:16:35
2026-04-19,34696,Gasolio,2.099,1,18/04/2026 23:16:35
2026-04-19,34696,Blue Diesel,2.080,0,18/04/2026 23:16:35
2026-04-19,34696,Blue Diesel,1.860,1,18/04/2026 23:16:35
2026-04-19,48499,Benzina,1.779,1,16/04/2026 07:18:06
2026-04-19,48499,Gasolio,2.119,1,16/04/2026 07:18:06
2026-04-19,54790,Benzina,1.987,0,18/04/2026 22:48:11
2026-04-19,54790,Benzina,1.762,1,18/04/2026 22:48:11
2026-04-19,54790,Gasolio,2.319,0,18/04/2026 22:48:11
2026-04-19,54790,Gasolio,2.089,1,18/04/2026 22:48:11
2026-04-19,54790,Blue Diesel,2.419,0,18/04/2026 22:48:11
2026-04-19,54790,Blue Diesel,2.194,1,18/04/2026 22:48:11
2026-06-25,5547,Benzina,1.799,1,24/06/2026 11:07:41
2026-06-25,5547,Gasolio,1.889,1,24/06/2026 11:07:41
2026-06-25,34696,Benzina,2.079,0,24/06/2026 23:47:58
2026-06-25,34696,Benzina,1.859,1,24/06/2026 00:58:30
2026-06-25,34696,Gasolio,2.169,0,24/06/2026 23:47:58
2026-06-25,34696,Gasolio,1.949,1,24/06/2026 00:58:30
2026-06-25,34696,Blue Diesel,2.080,0,24/06/2026 00:58:30
2026-06-25,34696,Blue Diesel,1.860,1,24/06/2026 00:58:30
2026-06-25,48499,Benzina,1.809,1,23/06/2026 18:36:19
2026-06-25,48499,Gasolio,1.899,1,23/06/2026 18:36:19
2026-06-25,54790,Benzina,2.049,0,24/06/2026 23:59:31
2026-06-25,54790,Benzina,1.824,1,25/06/2026 01:18:36
2026-06-25,54790,Gasolio,2.129,0,24/06/2026 14:08:04
2026-06-25,54790,Gasolio,1.904,1,25/06/2026 01:18:36
2026-06-25,54790,Blue Diesel,2.229,0,24/06/2026 14:08:04
2026-06-25,54790,Blue Diesel,2.004,1,25/06/2026 01:18:36
2026-06-30,5547,Benzina,1.792,1,29/06/2026 09:14:50
2026-06-30,5547,Gasolio,1.872,1,29/06/2026 09:14:50
2026-06-30,34696,Benzina,2.079,0,29/06/2026 23:25:33
2026-06-30,34696,Benzina,1.859,1,30/06/2026 00:19:34
2026-06-30,34696,Gasolio,2.149,0,29/06/2026 23:25:33
2026-06-30,34696,Gasolio,1.929,1,30/06/2026 00:19:34
2026-06-30,34696,Blue Diesel,2.080,0,30/06/2026 00:19:34
2026-06-30,34696,Blue Diesel,1.860,1,30/06/2026 00:19:34
2026-06-30,48499,Benzina,1.789,1,26/06/2026 07:45:43
2026-06-30,48499,Gasolio,1.849,1,26/06/2026 07:45:43
2026-06-30,54790,Benzina,2.049,0,29/06/2026 23:38:34
2026-06-30,54790,Benzina,1.824,1,30/06/2026 00:23:58
2026-06-30,54790,Gasolio,2.109,0,29/06/2026 11:46:03
2026-06-30,54790,Gasolio,1.884,1,30/06/2026 00:23:58
2026-06-30,54790,Blue Diesel,2.209,0,29/06/2026 11:46:03
2026-06-30,54790,Blue Diesel,1.984,1,30/06/2026 00:23:58
2026-04-22,5547,Benzina,1.739,1,21/04/2026 17:11:00
2026-04-22,5547,Gasolio,2.039,1,21/04/2026 17:11:00
2026-04-22,34696,Benzina,1.997,0,21/04/2026 23:50:55
2026-04-22,34696,Benzina,1.777,1,21/04/2026 23:50:55
2026-04-22,34696,Gasolio,2.319,0,21/04/2026 23:50:55
2026-04-22,34696,Gasolio,2.099,1,21/04/2026 23:50:55
2026-04-22,34696,Blue Diesel,2.080,0,21/04/2026 23:50:55
2026-04-22,34696,Blue Diesel,1.860,1,21/04/2026 23:50:55
2026-04-22,48499,Benzina,1.769,1,21/04/2026 07:43:09
2026-04-22,48499,Gasolio,2.069,1,21/04/2026 17:07:53
2026-04-22,54790,Benzina,1.937,0,21/04/2026 23:09:29
2026-04-22,54790,Benzina,1.712,1,21/04/2026 23:09:28
2026-04-22,54790,Gasolio,2.269,0,21/04/2026 23:09:28
2026-04-22,54790,Gasolio,2.044,1,21/04/2026 23:09:28
2026-04-22,54790,Blue Diesel,2.369,0,21/04/2026 23:09:28
2026-04-22,54790,Blue Diesel,2.144,1,21/04/2026 23:09:28
2026-06-04,5547,Benzina,1.935,1,03/06/2026 09:13:55
2026-06-04,5547,Gasolio,1.955,1,03/06/2026 09:13:55
2026-06-04,34696,Benzina,2.189,0,03/06/2026 23:22:12
2026-06-04,34696,Benzina,1.969,1,03/06/2026 23:51:55
2026-06-04,34696,Gasolio,2.239,0,03/06/2026 23:22:12
2026-06-04,34696,Gasolio,2.019,1,03/06/2026 23:51:55
2026-06-04,34696,Blue Diesel,2.080,0,03/06/2026 23:51:55
2026-06-04,34696,Blue Diesel,1.860,1,03/06/2026 23:51:55
2026-06-04,48499,Benzina,1.949,1,30/05/2026 07:18:39
2026-06-04,48499,Gasolio,1.979,1,30/05/2026 07:18:39
2026-06-04,54790,Benzina,2.159,0,03/06/2026 23:27:51
2026-06-04,54790,Benzina,1.934,1,03/06/2026 23:53:28
2026-06-04,54790,Gasolio,2.209,0,03/06/2026 23:27:51
2026-06-04,54790,Gasolio,1.984,1,03/06/2026 23:53:28
2026-06-04,54790,Blue Diesel,2.309,0,03/06/2026 23:27:51
2026-06-04,54790,Blue Diesel,2.084,1,03/06/2026 23:53:28
2026-06-27,5547,Benzina,1.792,1,26/06/2026 09:16:46
2026-06-27,5547,Gasolio,1.872,1,26/06/2026 17:08:13
2026-06-27,34696,Benzina,2.079,0,26/06/2026 23:24:52
2026-06-27,34696,Benzina,1.859,1,26/06/2026 23:24:52
2026-06-27,34696,Gasolio,2.149,0,27/06/2026 07:56:14
2026-06-27,34696,Gasolio,1.929,1,27/06/2026 07:56:14
2026-06-27,34696,Blue Diesel,2.080,0,26/06/2026 23:24:52
2026-06-27,34696,Blue Diesel,1.860,1,26/06/2026 23:24:52
2026-06-27,48499,Benzina,1.789,1,26/06/2026 07:45:43
2026-06-27,48499,Gasolio,1.849,1,26/06/2026 07:45:43
2026-06-27,54790,Benzina,2.049,0,26/06/2026 23:37:18
2026-06-27,54790,Benzina,1.824,1,27/06/2026 00:40:57
2026-06-27,54790,Gasolio,2.129,0,26/06/2026 23:37:18
2026-06-27,54790,Gasolio,1.904,1,27/06/2026 00:40:57
2026-06-27,54790,Blue Diesel,2.229,0,26/06/2026 23:37:18
2026-06-27,54790,Blue Diesel,2.004,1,27/06/2026 00:40:57
2026-06-26,5547,Benzina,1.792,1,25/06/2026 17:07:56
2026-06-26,5547,Gasolio,1.882,1,25/06/2026 17:07:56
2026-06-26,34696,Benzina,2.079,0,25/06/2026 23:25:11
2026-06-26,34696,Benzina,1.859,1,25/06/2026 23:25:11
2026-06-26,34696,Gasolio,2.169,0,25/06/2026 23:25:11
2026-06-26,34696,Gasolio,1.949,1,25/06/2026 23:25:11
2026-06-26,34696,Blue Diesel,2.080,0,25/06/2026 23:25:11
2026-06-26,34696,Blue Diesel,1.860,1,25/06/2026 23:25:11
2026-06-26,48499,Benzina,1.789,1,26/06/2026 07:45:43
2026-06-26,48499,Gasolio,1.849,1,26/06/2026 07:45:43
2026-06-26,54790,Benzina,2.049,0,25/06/2026 23:39:10
2026-06-26,54790,Benzina,1.824,1,26/06/2026 00:09:39
2026-06-26,54790,Gasolio,2.129,0,25/06/2026 23:39:10
2026-06-26,54790,Gasolio,1.904,1,26/06/2026 00:09:39
2026-06-26,54790,Blue Diesel,2.229,0,25/06/2026 23:39:10
2026-06-26,54790,Blue Diesel,2.004,1,26/06/2026 00:09:39
2026-06-24,5547,Benzina,1.819,1,23/06/2026 17:10:43
2026-06-24,5547,Gasolio,1.909,1,23/06/2026 17:10:43
2026-06-24,34696,Benzina,2.079,0,23/06/2026 23:32:56
2026-06-24,34696,Benzina,1.859,1,24/06/2026 00:58:30
2026-06-24,34696,Gasolio,2.169,0,23/06/2026 23:32:56
2026-06-24,34696,Gasolio,1.949,1,24/06/2026 00:58:30
2026-06-24,34696,Blue Diesel,2.080,0,24/06/2026 00:58:30
2026-06-24,34696,Blue Diesel,1.860,1,24/06/2026 00:58:30
2026-06-24,48499,Benzina,1.809,1,23/06/2026 18:36:19
2026-06-24,48499,Gasolio,1.899,1,23/06/2026 18:36:19
2026-06-24,54790,Benzina,2.049,0,23/06/2026 23:46:30
2026-06-24,54790,Benzina,1.824,1,24/06/2026 01:05:34
2026-06-24,54790,Gasolio,2.139,0,23/06/2026 23:46:30
2026-06-24,54790,Gasolio,1.914,1,24/06/2026 01:05:33
2026-06-24,54790,Blue Diesel,2.239,0,23/06/2026 23:46:30
2026-06-24,54790,Blue Diesel,2.014,1,24/06/2026 01:05:33
2026-06-17,5547,Benzina,1.889,1,16/06/2026 11:10:45
2026-06-17,5547,Gasolio,1.959,1,16/06/2026 09:14:33
2026-06-17,34696,Benzina,2.109,0,16/06/2026 07:22:08
2026-06-17,34696,Benzina,1.889,1,16/06/2026 07:22:08
2026-06-17,34696,Gasolio,2.219,0,16/06/2026 07:22:08
2026-06-17,34696,Gasolio,1.999,1,16/06/2026 07:22:08
2026-06-17,34696,Blue Diesel,2.080,0,16/06/2026 23:59:12
2026-06-17,34696,Blue Diesel,1.860,1,16/06/2026 23:59:11
2026-06-17,48499,Benzina,1.899,1,17/06/2026 07:42:16
2026-06-17,48499,Gasolio,1.979,1,17/06/2026 07:42:16
2026-06-17,54790,Benzina,2.099,0,16/06/2026 23:30:44
2026-06-17,54790,Benzina,1.874,1,17/06/2026 00:00:56
2026-06-17,54790,Gasolio,2.209,0,16/06/2026 23:30:44
2026-06-17,54790,Gasolio,1.984,1,17/06/2026 00:00:56
2026-06-17,54790,Blue Diesel,2.309,0,16/06/2026 23:30:44
2026-06-17,54790,Blue Diesel,2.084,1,17/06/2026 00:00:56
2026-06-19,5547,Benzina,1.849,1,18/06/2026 09:08:52
2026-06-19,5547,Gasolio,1.949,1,18/06/2026 09:08:52
2026-06-19,34696,Benzina,2.109,0,19/06/2026 00:18:26
2026-06-19,34696,Benzina,1.889,1,19/06/2026 00:18:26
2026-06-19,34696,Gasolio,2.219,0,19/06/2026 00:18:26
2026-06-19,34696,Gasolio,1.999,1,19/06/2026 00:18:26
2026-06-19,34696,Blue Diesel,2.080,0,19/06/2026 00:18:26
2026-06-19,34696,Blue Diesel,1.860,1,19/06/2026 00:18:26
2026-06-19,48499,Benzina,1.849,1,19/06/2026 07:39:18
2026-06-19,48499,Gasolio,1.959,1,19/06/2026 07:39:18
2026-06-19,54790,Benzina,2.069,0,19/06/2026 06:06:10
2026-06-19,54790,Benzina,1.844,1,19/06/2026 06:06:10
2026-06-19,54790,Gasolio,2.169,0,19/06/2026 06:06:10
2026-06-19,54790,Gasolio,1.944,1,19/06/2026 06:06:10
2026-06-19,54790,Blue Diesel,2.269,0,19/06/2026 06:06:10
2026-06-19,54790,Blue Diesel,2.044,1,19/06/2026 06:06:10
2026-04-03,5547,Benzina,1.759,1,02/04/2026 19:10:11
2026-04-03,5547,Gasolio,2.259,1,02/04/2026 19:10:11
2026-04-03,34696,Benzina,1.967,0,02/04/2026 22:39:31
2026-04-03,34696,Benzina,1.747,1,02/04/2026 22:39:31
2026-04-03,34696,Gasolio,2.270,0,02/04/2026 22:39:31
2026-04-03,34696,Gasolio,2.049,1,02/04/2026 22:39:31
2026-04-03,34696,Blue Diesel,2.080,0,02/04/2026 22:39:31
2026-04-03,34696,Blue Diesel,1.860,1,02/04/2026 22:39:31
2026-04-03,48499,Benzina,1.769,1,28/03/2026 07:47:05
2026-04-03,48499,Gasolio,2.099,1,28/03/2026 07:47:05
2026-04-03,54790,Benzina,1.957,0,03/04/2026 07:21:30
2026-04-03,54790,Benzina,1.732,1,03/04/2026 05:46:13
2026-04-03,54790,Gasolio,2.273,0,02/04/2026 23:19:49
2026-04-03,54790,Gasolio,2.048,1,02/04/2026 23:19:49
2026-04-03,54790,Blue Diesel,2.373,0,02/04/2026 23:19:49
2026-04-03,54790,Blue Diesel,2.148,1,02/04/2026 23:19:49
2026-04-02,5547,Benzina,1.749,1,01/04/2026 09:13:31
2026-04-02,5547,Gasolio,2.139,1,01/04/2026 09:13:31
2026-04-02,34696,Benzina,1.967,0,01/04/2026 23:28:41
2026-04-02,34696,Benzina,1.747,1,01/04/2026 23:28:41
2026-04-02,34696,Gasolio,2.270,0,01/04/2026 23:28:41
2026-04-02,34696,Gasolio,2.049,1,01/04/2026 23:28:41
2026-04-02,34696,Blue Diesel,2.080,0,01/04/2026 23:28:41
2026-04-02,34696,Blue Diesel,1.860,1,01/04/2026 23:28:41
2026-04-02,48499,Benzina,1.769,1,28/03/2026 07:47:05
2026-04-02,48499,Gasolio,2.099,1,28/03/2026 07:47:05
2026-04-02,54790,Benzina,1.967,0,01/04/2026 23:51:46
2026-04-02,54790,Benzina,1.742,1,01/04/2026 23:51:46
2026-04-02,54790,Gasolio,2.273,0,01/04/2026 23:51:46
2026-04-02,54790,Gasolio,2.048,1,01/04/2026 23:51:45
2026-04-02,54790,Blue Diesel,2.373,0,01/04/2026 23:51:45
2026-04-02,54790,Blue Diesel,2.148,1,01/04/2026 23:51:45
2026-06-10,5547,Benzina,1.929,1,09/06/2026 09:10:08
2026-06-10,5547,Gasolio,2.009,1,09/06/2026 09:10:08
2026-06-10,34696,Benzina,2.169,0,09/06/2026 23:25:42
2026-06-10,34696,Benzina,1.949,1,09/06/2026 23:25:42
2026-06-10,34696,Gasolio,2.239,0,09/06/2026 23:25:42
2026-06-10,34696,Gasolio,2.019,1,09/06/2026 23:25:42
2026-06-10,34696,Blue Diesel,2.080,0,09/06/2026 23:25:42
2026-06-10,34696,Blue Diesel,1.860,1,09/06/2026 23:25:42
2026-06-10,48499,Benzina,1.919,1,10/06/2026 07:19:11
2026-06-10,48499,Gasolio,2.019,1,10/06/2026 07:19:11
2026-06-10,54790,Benzina,2.129,0,09/06/2026 23:31:14
2026-06-10,54790,Benzina,1.904,1,09/06/2026 23:56:48
2026-06-10,54790,Gasolio,2.260,0,09/06/2026 23:31:14
2026-06-10,54790,Gasolio,2.035,1,09/06/2026 23:56:48
2026-06-10,54790,Blue Diesel,2.360,0,09/06/2026 23:31:14
2026-06-10,54790,Blue Diesel,2.135,1,09/06/2026 23:56:48
2026-04-08,5547,Benzina,1.759,1,07/04/2026 09:14:28
2026-04-08,5547,Gasolio,2.279,1,07/04/2026 19:10:36
2026-04-08,34696,Benzina,1.987,0,07/04/2026 22:59:20
2026-04-08,34696,Benzina,1.767,1,07/04/2026 22:59:20
2026-04-08,34696,Gasolio,2.219,0,07/04/2026 22:59:20
2026-04-08,34696,Gasolio,1.999,1,07/04/2026 22:59:20
2026-04-08,34696,Blue Diesel,2.080,0,07/04/2026 22:59:20
2026-04-08,34696,Blue Diesel,1.860,1,07/04/2026 22:59:20
2026-04-08,48499,Benzina,1.829,1,04/04/2026 08:10:47
2026-04-08,48499,Gasolio,2.229,1,04/04/2026 08:10:47
2026-04-08,54790,Benzina,1.987,0,07/04/2026 23:48:38
2026-04-08,54790,Benzina,1.762,1,07/04/2026 23:48:38
2026-04-08,54790,Gasolio,2.219,0,07/04/2026 23:48:38
2026-04-08,54790,Gasolio,1.994,1,07/04/2026 23:48:38
2026-04-08,54790,Blue Diesel,2.319,0,07/04/2026 23:48:38
2026-04-08,54790,Blue Diesel,2.094,1,07/04/2026 23:48:38
2026-05-23,5547,Benzina,1.949,1,23/05/2026 01:21:11
2026-05-23,5547,Gasolio,1.939,1,23/05/2026 01:21:11
2026-05-23,34696,Benzina,2.200,0,22/05/2026 23:21:09
2026-05-23,34696,Benzina,1.980,1,22/05/2026 23:47:39
2026-05-23,34696,Gasolio,2.239,0,22/05/2026 23:21:09
2026-05-23,34696,Gasolio,2.019,1,22/05/2026 23:47:39
2026-05-23,34696,Blue Diesel,2.080,0,22/05/2026 23:47:39
2026-05-23,34696,Blue Diesel,1.860,1,22/05/2026 23:47:39
2026-05-23,48499,Benzina,1.949,1,22/05/2026 14:35:50
2026-05-23,48499,Gasolio,1.959,1,22/05/2026 07:42:35
2026-05-23,54790,Benzina,2.220,0,22/05/2026 23:26:24
2026-05-23,54790,Benzina,1.995,1,22/05/2026 23:49:19
2026-05-23,54790,Gasolio,2.219,0,22/05/2026 23:26:24
2026-05-23,54790,Gasolio,1.994,1,22/05/2026 23:49:19
2026-05-23,54790,Blue Diesel,2.319,0,22/05/2026 23:26:24
2026-05-23,54790,Blue Diesel,2.094,1,22/05/2026 23:49:19
2026-04-09,5547,Benzina,1.759,1,08/04/2026 09:09:00
2026-04-09,5547,Gasolio,2.269,1,08/04/2026 19:11:25
2026-04-09,34696,Benzina,1.987,0,08/04/2026 22:50:33
2026-04-09,34696,Benzina,1.767,1,08/04/2026 22:50:33
2026-04-09,34696,Gasolio,2.219,0,08/04/2026 22:50:33
2026-04-09,34696,Gasolio,1.999,1,08/04/2026 22:50:33
2026-04-09,34696,Blue Diesel,2.080,0,08/04/2026 22:50:33
2026-04-09,34696,Blue Diesel,1.860,1,08/04/2026 22:50:33
2026-04-09,48499,Benzina,1.799,1,09/04/2026 07:18:30
2026-04-09,48499,Gasolio,2.199,1,09/04/2026 07:18:30
2026-04-09,54790,Benzina,2.017,0,08/04/2026 08:54:30
2026-04-09,54790,Benzina,1.792,1,08/04/2026 08:54:30
2026-04-09,54790,Gasolio,2.299,0,08/04/2026 08:54:30
2026-04-09,54790,Gasolio,2.074,1,08/04/2026 08:54:30
2026-04-09,54790,Blue Diesel,2.399,0,08/04/2026 08:54:30
2026-04-09,54790,Blue Diesel,2.174,1,08/04/2026 08:54:30
2026-06-13,5547,Benzina,1.899,1,12/06/2026 09:20:03
2026-06-13,5547,Gasolio,1.979,1,12/06/2026 09:20:03
2026-06-13,34696,Benzina,2.169,0,12/06/2026 23:21:44
2026-06-13,34696,Benzina,1.949,1,12/06/2026 23:21:44
2026-06-13,34696,Gasolio,2.239,0,12/06/2026 23:21:44
2026-06-13,34696,Gasolio,2.019,1,12/06/2026 23:21:44
2026-06-13,34696,Blue Diesel,2.080,0,12/06/2026 23:21:44
2026-06-13,34696,Blue Diesel,1.860,1,12/06/2026 23:21:43
2026-06-13,48499,Benzina,1.919,1,12/06/2026 13:38:19
2026-06-13,48499,Gasolio,1.979,1,12/06/2026 13:38:19
2026-06-13,54790,Benzina,2.109,0,13/06/2026 06:14:08
2026-06-13,54790,Benzina,1.884,1,13/06/2026 06:14:08
2026-06-13,54790,Gasolio,2.239,0,13/06/2026 06:14:08
2026-06-13,54790,Gasolio,2.014,1,13/06/2026 06:14:08
2026-06-13,54790,Blue Diesel,2.339,0,13/06/2026 06:14:08
2026-06-13,54790,Blue Diesel,2.114,1,13/06/2026 06:14:08
2026-05-21,5547,Benzina,1.968,1,20/05/2026 09:40:48
2026-05-21,5547,Gasolio,1.968,1,20/05/2026 09:40:49
2026-05-21,34696,Benzina,2.200,0,20/05/2026 23:17:16
2026-05-21,34696,Benzina,1.980,1,20/05/2026 23:17:16
2026-05-21,34696,Gasolio,2.239,0,20/05/2026 23:17:16
2026-05-21,34696,Gasolio,2.019,1,20/05/2026 23:17:16
2026-05-21,34696,Blue Diesel,2.080,0,20/05/2026 23:17:16
2026-05-21,34696,Blue Diesel,1.860,1,20/05/2026 23:17:16
2026-05-21,48499,Benzina,1.969,1,20/05/2026 08:09:36
2026-05-21,48499,Gasolio,1.959,1,20/05/2026 08:09:36
2026-05-21,54790,Benzina,2.220,0,20/05/2026 06:40:11
2026-05-21,54790,Benzina,1.995,1,20/05/2026 06:04:04
2026-05-21,54790,Gasolio,2.219,0,20/05/2026 23:22:21
2026-05-21,54790,Gasolio,1.994,1,20/05/2026 23:45:18
2026-05-21,54790,Blue Diesel,2.319,0,20/05/2026 23:22:21
2026-05-21,54790,Blue Diesel,2.094,1,20/05/2026 23:45:18
2026-04-15,5547,Benzina,1.759,1,14/04/2026 09:13:00
2026-04-15,5547,Gasolio,2.234,1,14/04/2026 09:13:00
2026-04-15,34696,Benzina,2.017,0,14/04/2026 23:07:02
2026-04-15,34696,Benzina,1.797,1,14/04/2026 23:07:02
2026-04-15,34696,Gasolio,2.349,0,14/04/2026 23:07:02
2026-04-15,34696,Gasolio,2.129,1,14/04/2026 23:07:02
2026-04-15,34696,Blue Diesel,2.080,0,14/04/2026 23:07:02
2026-04-15,34696,Blue Diesel,1.860,1,14/04/2026 23:07:02
2026-04-15,48499,Benzina,1.789,1,15/04/2026 07:50:20
2026-04-15,48499,Gasolio,2.139,1,15/04/2026 07:50:20
2026-04-15,54790,Benzina,1.997,0,14/04/2026 23:46:43
2026-04-15,54790,Benzina,1.772,1,14/04/2026 23:46:43
2026-04-15,54790,Gasolio,2.329,0,14/04/2026 23:46:43
2026-04-15,54790,Gasolio,2.104,1,14/04/2026 23:46:43
2026-04-15,54790,Blue Diesel,2.429,0,14/04/2026 23:46:43
2026-04-15,54790,Blue Diesel,2.204,1,14/04/2026 23:46:43
2026-04-05,5547,Benzina,1.759,1,04/04/2026 09:11:39
2026-04-05,5547,Gasolio,2.259,1,04/04/2026 09:11:39
2026-04-05,34696,Benzina,1.987,0,04/04/2026 23:28:31
2026-04-05,34696,Benzina,1.767,1,04/04/2026 23:28:31
2026-04-05,34696,Gasolio,2.219,0,04/04/2026 23:28:31
2026-04-05,34696,Gasolio,1.999,1,04/04/2026 23:28:31
2026-04-05,34696,Blue Diesel,2.080,0,04/04/2026 23:28:31
2026-04-05,34696,Blue Diesel,1.860,1,04/04/2026 23:28:31
2026-04-05,48499,Benzina,1.829,1,04/04/2026 08:10:47
2026-04-05,48499,Gasolio,2.229,1,04/04/2026 08:10:47
2026-04-05,54790,Benzina,1.987,0,04/04/2026 23:18:46
2026-04-05,54790,Benzina,1.762,1,04/04/2026 23:18:46
2026-04-05,54790,Gasolio,2.219,0,04/04/2026 23:18:46
2026-04-05,54790,Gasolio,1.994,1,04/04/2026 23:18:46
2026-04-05,54790,Blue Diesel,2.319,0,04/04/2026 23:18:46
2026-04-05,54790,Blue Diesel,2.094,1,04/04/2026 23:18:45
2026-04-21,5547,Benzina,1.749,1,20/04/2026 09:14:47
2026-04-21,5547,Gasolio,2.049,1,20/04/2026 17:11:46
2026-04-21,34696,Benzina,1.997,0,20/04/2026 23:40:45
2026-04-21,34696,Benzina,1.777,1,20/04/2026 23:40:45
2026-04-21,34696,Gasolio,2.319,0,20/04/2026 23:40:45
2026-04-21,34696,Gasolio,2.099,1,20/04/2026 23:40:45
2026-04-21,34696,Blue Diesel,2.080,0,20/04/2026 23:40:45
2026-04-21,34696,Blue Diesel,1.860,1,20/04/2026 23:40:45
2026-04-21,48499,Benzina,1.769,1,21/04/2026 07:43:09
2026-04-21,48499,Gasolio,2.079,1,21/04/2026 07:43:09
2026-04-21,54790,Benzina,1.937,0,20/04/2026 13:10:07
2026-04-21,54790,Benzina,1.712,1,20/04/2026 13:10:07
2026-04-21,54790,Gasolio,2.269,0,20/04/2026 13:10:07
2026-04-21,54790,Gasolio,2.044,1,20/04/2026 13:10:07
2026-04-21,54790,Blue Diesel,2.369,0,20/04/2026 13:10:07
2026-04-21,54790,Blue Diesel,2.144,1,20/04/2026 13:10:07
2026-04-30,5547,Benzina,1.759,1,29/04/2026 09:14:48
2026-04-30,5547,Gasolio,2.049,1,29/04/2026 09:14:48
2026-04-30,34696,Benzina,2.007,0,29/04/2026 23:30:55
2026-04-30,34696,Benzina,1.787,1,29/04/2026 23:30:55
2026-04-30,34696,Gasolio,2.329,0,29/04/2026 23:30:55
2026-04-30,34696,Gasolio,2.109,1,29/04/2026 23:30:55
2026-04-30,34696,Blue Diesel,2.080,0,29/04/2026 23:30:55
2026-04-30,34696,Blue Diesel,1.860,1,29/04/2026 23:30:55
2026-04-30,48499,Benzina,1.769,1,30/04/2026 07:45:46
2026-04-30,48499,Gasolio,2.049,1,30/04/2026 07:45:46
2026-04-30,54790,Benzina,1.977,0,29/04/2026 23:14:33
2026-04-30,54790,Benzina,1.752,1,29/04/2026 23:14:33
2026-04-30,54790,Gasolio,2.299,0,29/04/2026 23:14:33
2026-04-30,54790,Gasolio,2.074,1,29/04/2026 23:14:33
2026-04-30,54790,Blue Diesel,2.399,0,29/04/2026 23:14:33
2026-04-30,54790,Blue Diesel,2.174,1,29/04/2026 23:14:33
2026-05-09,5547,Benzina,1.928,1,08/05/2026 09:15:09
2026-05-09,5547,Gasolio,1.989,1,08/05/2026 17:09:34
2026-05-09,34696,Benzina,2.199,0,08/05/2026 23:29:11
2026-05-09,34696,Benzina,1.989,1,08/05/2026 23:56:16
2026-05-09,34696,Gasolio,2.299,0,08/05/2026 23:29:11
2026-05-09,34696,Gasolio,2.079,1,08/05/2026 23:56:16
2026-05-09,34696,Blue Diesel,2.080,0,08/05/2026 23:56:16
2026-05-09,34696,Blue Diesel,1.860,1,08/05/2026 23:56:16
2026-05-09,48499,Benzina,1.949,1,08/05/2026 07:11:10
2026-05-09,48499,Gasolio,2.019,1,08/05/2026 07:11:10
2026-05-09,54790,Benzina,2.170,0,09/05/2026 06:52:07
2026-05-09,54790,Benzina,1.945,1,08/05/2026 19:26:02
2026-05-09,54790,Gasolio,2.219,0,09/05/2026 06:52:07
2026-05-09,54790,Gasolio,1.994,1,08/05/2026 19:26:02
2026-05-09,54790,Blue Diesel,2.319,0,09/05/2026 06:52:07
2026-05-09,54790,Blue Diesel,2.094,1,08/05/2026 19:26:02
2026-04-13,5547,Benzina,1.759,1,12/04/2026 09:11:37
2026-04-13,5547,Gasolio,2.219,1,12/04/2026 09:11:37
2026-04-13,34696,Benzina,2.017,0,12/04/2026 23:28:37
2026-04-13,34696,Benzina,1.797,1,12/04/2026 23:28:37
2026-04-13,34696,Gasolio,2.349,0,12/04/2026 23:28:37
2026-04-13,34696,Gasolio,2.129,1,12/04/2026 23:28:37
2026-04-13,34696,Blue Diesel,2.080,0,12/04/2026 23:28:37
2026-04-13,34696,Blue Diesel,1.860,1,12/04/2026 23:28:37
2026-04-13,48499,Benzina,1.769,1,10/04/2026 07:44:45
2026-04-13,48499,Gasolio,2.199,1,10/04/2026 07:44:45
2026-04-13,54790,Benzina,1.997,0,13/04/2026 06:32:25
2026-04-13,54790,Benzina,1.772,1,13/04/2026 05:46:06
2026-04-13,54790,Gasolio,2.329,0,13/04/2026 06:32:25
2026-04-13,54790,Gasolio,2.104,1,13/04/2026 05:46:06
2026-04-13,54790,Blue Diesel,2.429,0,13/04/2026 06:32:25
2026-04-13,54790,Blue Diesel,2.204,1,13/04/2026 05:46:06
2026-06-07,5547,Benzina,1.929,1,06/06/2026 09:13:32
2026-06-07,5547,Gasolio,1.949,1,06/06/2026 09:13:32
2026-06-07,34696,Benzina,2.169,0,06/06/2026 23:17:20
2026-06-07,34696,Benzina,1.949,1,06/06/2026 23:44:12
2026-06-07,34696,Gasolio,2.239,0,06/06/2026 23:17:20
2026-06-07,34696,Gasolio,2.019,1,06/06/2026 23:44:12
2026-06-07,34696,Blue Diesel,2.080,0,06/06/2026 23:44:12
2026-06-07,34696,Blue Diesel,1.860,1,06/06/2026 23:44:12
2026-06-07,48499,Benzina,1.949,1,06/06/2026 07:06:20
2026-06-07,48499,Gasolio,1.969,1,06/06/2026 07:06:20
2026-06-07,54790,Benzina,2.159,0,06/06/2026 23:22:42
2026-06-07,54790,Benzina,1.934,1,06/06/2026 23:47:01
2026-06-07,54790,Gasolio,2.209,0,06/06/2026 23:22:42
2026-06-07,54790,Gasolio,1.984,1,06/06/2026 23:47:01
2026-06-07,54790,Blue Diesel,2.309,0,06/06/2026 23:22:42
2026-06-07,54790,Blue Diesel,2.084,1,06/06/2026 23:47:01
2026-04-11,5547,Benzina,1.759,1,10/04/2026 09:25:10
2026-04-11,5547,Gasolio,2.219,1,10/04/2026 17:11:04
2026-04-11,34696,Benzina,2.017,0,10/04/2026 23:16:46
2026-04-11,34696,Benzina,1.797,1,10/04/2026 23:16:46
2026-04-11,34696,Gasolio,2.349,0,10/04/2026 07:14:21
2026-04-11,34696,Gasolio,2.129,1,10/04/2026 07:14:21
2026-04-11,34696,Blue Diesel,2.080,0,10/04/2026 23:16:46
2026-04-11,34696,Blue Diesel,1.860,1,10/04/2026 23:16:46
2026-04-11,48499,Benzina,1.769,1,10/04/2026 07:44:45
2026-04-11,48499,Gasolio,2.199,1,10/04/2026 07:44:45
2026-04-11,54790,Benzina,2.017,0,10/04/2026 23:09:50
2026-04-11,54790,Benzina,1.792,1,10/04/2026 23:09:50
2026-04-11,54790,Gasolio,2.349,0,10/04/2026 06:40:23
2026-04-11,54790,Gasolio,2.124,1,10/04/2026 06:34:18
2026-04-11,54790,Blue Diesel,2.449,0,10/04/2026 06:40:23
2026-04-11,54790,Blue Diesel,2.224,1,10/04/2026 06:34:18
2026-06-16,5547,Benzina,1.899,1,15/06/2026 11:19:18
2026-06-16,5547,Gasolio,1.959,1,15/06/2026 13:10:52
2026-06-16,34696,Benzina,2.109,0,16/06/2026 07:22:08
2026-06-16,34696,Benzina,1.889,1,16/06/2026 07:22:08
2026-06-16,34696,Gasolio,2.219,0,16/06/2026 07:22:08
2026-06-16,34696,Gasolio,1.999,1,16/06/2026 07:22:08
2026-06-16,34696,Blue Diesel,2.080,0,15/06/2026 23:16:17
2026-06-16,34696,Blue Diesel,1.860,1,15/06/2026 23:16:17
2026-06-16,48499,Benzina,1.919,1,12/06/2026 13:38:19
2026-06-16,48499,Gasolio,1.979,1,12/06/2026 13:38:19
2026-06-16,54790,Benzina,2.099,0,15/06/2026 06:10:05
2026-06-16,54790,Benzina,1.874,1,15/06/2026 06:10:05
2026-06-16,54790,Gasolio,2.209,0,15/06/2026 06:10:05
2026-06-16,54790,Gasolio,1.984,1,15/06/2026 06:10:04
2026-06-16,54790,Blue Diesel,2.309,0,15/06/2026 06:10:04
2026-06-16,54790,Blue Diesel,2.084,1,15/06/2026 06:10:04
2026-05-16,5547,Benzina,1.928,1,15/05/2026 17:09:32
2026-05-16,5547,Gasolio,1.948,1,15/05/2026 17:09:32
2026-05-16,34696,Benzina,2.200,0,15/05/2026 23:22:13
2026-05-16,34696,Benzina,1.980,1,15/05/2026 23:51:03
2026-05-16,34696,Gasolio,2.239,0,15/05/2026 23:22:13
2026-05-16,34696,Gasolio,2.019,1,15/05/2026 23:51:03
2026-05-16,34696,Blue Diesel,2.080,0,15/05/2026 23:51:03
2026-05-16,34696,Blue Diesel,1.860,1,15/05/2026 23:51:03
2026-05-16,48499,Benzina,1.969,1,16/05/2026 07:12:02
2026-05-16,48499,Gasolio,1.969,1,16/05/2026 07:12:02
2026-05-16,54790,Benzina,2.180,0,15/05/2026 23:27:18
2026-05-16,54790,Benzina,1.955,1,15/05/2026 23:52:42
2026-05-16,54790,Gasolio,2.209,0,15/05/2026 23:27:18
2026-05-16,54790,Gasolio,1.984,1,15/05/2026 23:52:42
2026-05-16,54790,Blue Diesel,2.309,0,15/05/2026 23:27:18
2026-05-16,54790,Blue Diesel,2.084,1,15/05/2026 23:52:42
2026-06-20,5547,Benzina,1.829,1,19/06/2026 13:10:34
2026-06-20,5547,Gasolio,1.939,1,19/06/2026 13:10:34
2026-06-20,34696,Benzina,2.109,0,19/06/2026 00:18:26
2026-06-20,34696,Benzina,1.889,1,19/06/2026 00:18:26
2026-06-20,34696,Gasolio,2.219,0,19/06/2026 00:18:26
2026-06-20,34696,Gasolio,1.999,1,19/06/2026 00:18:26
2026-06-20,34696,Blue Diesel,2.080,0,19/06/2026 00:18:26
2026-06-20,34696,Blue Diesel,1.860,1,19/06/2026 00:18:26
2026-06-20,48499,Benzina,1.849,1,19/06/2026 07:39:18
2026-06-20,48499,Gasolio,1.959,1,19/06/2026 07:39:18
2026-06-20,54790,Benzina,2.069,0,19/06/2026 06:06:10
2026-06-20,54790,Benzina,1.844,1,19/06/2026 06:06:10
2026-06-20,54790,Gasolio,2.169,0,19/06/2026 06:06:10
2026-06-20,54790,Gasolio,1.944,1,19/06/2026 06:06:10
2026-06-20,54790,Blue Diesel,2.269,0,19/06/2026 06:06:10
2026-06-20,54790,Blue Diesel,2.044,1,19/06/2026 06:06:10
2026-04-20,5547,Benzina,1.749,1,19/04/2026 09:11:01
2026-04-20,5547,Gasolio,2.089,1,19/04/2026 09:11:01
2026-04-20,34696,Benzina,1.997,0,19/04/2026 23:28:21
2026-04-20,34696,Benzina,1.777,1,19/04/2026 23:28:21
2026-04-20,34696,Gasolio,2.319,0,19/04/2026 23:28:21
2026-04-20,34696,Gasolio,2.099,1,19/04/2026 23:28:21
2026-04-20,34696,Blue Diesel,2.080,0,19/04/2026 23:28:21
2026-04-20,34696,Blue Diesel,1.860,1,19/04/2026 23:28:21
2026-04-20,48499,Benzina,1.779,1,16/04/2026 07:18:06
2026-04-20,48499,Gasolio,2.119,1,16/04/2026 07:18:06
2026-04-20,54790,Benzina,1.987,0,19/04/2026 23:12:34
2026-04-20,54790,Benzina,1.762,1,19/04/2026 23:12:34
2026-04-20,54790,Gasolio,2.319,0,19/04/2026 23:12:34
2026-04-20,54790,Gasolio,2.089,1,19/04/2026 23:12:34
2026-04-20,54790,Blue Diesel,2.419,0,19/04/2026 23:12:34
2026-04-20,54790,Blue Diesel,2.194,1,19/04/2026 23:12:34
2026-05-17,5547,Benzina,1.928,1,16/05/2026 09:12:18
2026-05-17,5547,Gasolio,1.948,1,16/05/2026 09:12:18
2026-05-17,34696,Benzina,2.200,0,16/05/2026 23:23:18
2026-05-17,34696,Benzina,1.980,1,16/05/2026 23:50:38
2026-05-17,34696,Gasolio,2.239,0,16/05/2026 23:23:18
2026-05-17,34696,Gasolio,2.019,1,16/05/2026 23:50:38
2026-05-17,34696,Blue Diesel,2.080,0,16/05/2026 23:50:38
2026-05-17,34696,Blue Diesel,1.860,1,16/05/2026 23:50:38
2026-05-17,48499,Benzina,1.969,1,16/05/2026 07:12:02
2026-05-17,48499,Gasolio,1.969,1,16/05/2026 07:12:02
2026-05-17,54790,Benzina,2.180,0,16/05/2026 23:28:57
2026-05-17,54790,Benzina,1.955,1,16/05/2026 23:53:36
2026-05-17,54790,Gasolio,2.209,0,16/05/2026 23:28:57
2026-05-17,54790,Gasolio,1.984,1,16/05/2026 23:53:36
2026-05-17,54790,Blue Diesel,2.309,0,16/05/2026 23:28:57
2026-05-17,54790,Blue Diesel,2.084,1,16/05/2026 23:53:36
2026-04-14,5547,Benzina,1.759,1,13/04/2026 09:13:24
2026-04-14,5547,Gasolio,2.234,1,13/04/2026 19:10:34
2026-04-14,34696,Benzina,2.017,0,13/04/2026 22:56:10
2026-04-14,34696,Benzina,1.797,1,13/04/2026 22:56:10
2026-04-14,34696,Gasolio,2.349,0,13/04/2026 22:56:10
2026-04-14,34696,Gasolio,2.129,1,13/04/2026 22:56:10
2026-04-14,34696,Blue Diesel,2.080,0,13/04/2026 22:56:10
2026-04-14,34696,Blue Diesel,1.860,1,13/04/2026 22:56:09
2026-04-14,48499,Benzina,1.769,1,10/04/2026 07:44:45
2026-04-14,48499,Gasolio,2.199,1,10/04/2026 07:44:45
2026-04-14,54790,Benzina,1.997,0,13/04/2026 06:32:25
2026-04-14,54790,Benzina,1.772,1,13/04/2026 05:46:06
2026-04-14,54790,Gasolio,2.329,0,13/04/2026 06:32:25
2026-04-14,54790,Gasolio,2.104,1,13/04/2026 05:46:06
2026-04-14,54790,Blue Diesel,2.429,0,13/04/2026 06:32:25
2026-04-14,54790,Blue Diesel,2.204,1,13/04/2026 05:46:06
2026-04-26,5547,Benzina,1.739,1,25/04/2026 09:12:52
2026-04-26,5547,Gasolio,2.029,1,25/04/2026 09:12:52
2026-04-26,34696,Benzina,1.987,0,25/04/2026 23:01:36
2026-04-26,34696,Benzina,1.767,1,25/04/2026 23:01:36
2026-04-26,34696,Gasolio,2.319,0,25/04/2026 23:01:36
2026-04-26,34696,Gasolio,2.099,1,25/04/2026 23:01:36
2026-04-26,34696,Blue Diesel,2.080,0,25/04/2026 23:01:36
2026-04-26,34696,Blue Diesel,1.860,1,25/04/2026 23:01:36
2026-04-26,48499,Benzina,1.789,1,25/04/2026 07:42:54
2026-04-26,48499,Gasolio,2.069,1,25/04/2026 07:42:54
2026-04-26,54790,Benzina,1.957,0,25/04/2026 23:16:53
2026-04-26,54790,Benzina,1.732,1,25/04/2026 23:16:53
2026-04-26,54790,Gasolio,2.289,0,25/04/2026 23:16:53
2026-04-26,54790,Gasolio,2.064,1,25/04/2026 23:16:53
2026-04-26,54790,Blue Diesel,2.389,0,25/04/2026 23:16:53
2026-04-26,54790,Blue Diesel,2.164,1,25/04/2026 23:16:53
2026-05-19,5547,Benzina,1.958,1,18/05/2026 17:09:53
2026-05-19,5547,Gasolio,1.968,1,18/05/2026 17:09:53
2026-05-19,34696,Benzina,2.200,0,18/05/2026 23:21:25
2026-05-19,34696,Benzina,1.980,1,18/05/2026 23:49:14
2026-05-19,34696,Gasolio,2.239,0,18/05/2026 23:21:25
2026-05-19,34696,Gasolio,2.019,1,18/05/2026 23:49:14
2026-05-19,34696,Blue Diesel,2.080,0,18/05/2026 23:49:14
2026-05-19,34696,Blue Diesel,1.860,1,18/05/2026 23:49:14
2026-05-19,48499,Benzina,1.969,1,16/05/2026 07:12:02
2026-05-19,48499,Gasolio,1.969,1,16/05/2026 07:12:02
2026-05-19,54790,Benzina,2.200,0,19/05/2026 06:40:31
2026-05-19,54790,Benzina,1.975,1,19/05/2026 05:50:02
2026-05-19,54790,Gasolio,2.219,0,19/05/2026 06:40:31
2026-05-19,54790,Gasolio,1.994,1,19/05/2026 05:50:02
2026-05-19,54790,Blue Diesel,2.319,0,19/05/2026 06:40:31
2026-05-19,54790,Blue Diesel,2.094,1,19/05/2026 05:50:02
2026-04-01,5547,Benzina,1.749,1,31/03/2026 15:57:28
2026-04-01,5547,Gasolio,2.139,1,31/03/2026 15:57:28
2026-04-01,34696,Benzina,1.967,0,31/03/2026 23:08:09
2026-04-01,34696,Benzina,1.747,1,31/03/2026 23:08:09
2026-04-01,34696,Gasolio,2.270,0,31/03/2026 23:08:09
2026-04-01,34696,Gasolio,2.049,1,31/03/2026 23:08:09
2026-04-01,34696,Blue Diesel,2.080,0,31/03/2026 23:08:09
2026-04-01,34696,Blue Diesel,1.860,1,31/03/2026 23:08:09
2026-04-01,48499,Benzina,1.769,1,28/03/2026 07:47:05
2026-04-01,48499,Gasolio,2.099,1,28/03/2026 07:47:05
2026-04-01,54790,Benzina,1.967,0,31/03/2026 23:19:03
2026-04-01,54790,Benzina,1.742,1,31/03/2026 23:19:03
2026-04-01,54790,Gasolio,2.273,0,31/03/2026 23:19:03
2026-04-01,54790,Gasolio,2.048,1,31/03/2026 23:19:03
2026-04-01,54790,Blue Diesel,2.373,0,31/03/2026 23:19:03
2026-04-01,54790,Blue Diesel,2.148,1,31/03/2026 23:19:02
2026-05-12,5547,Benzina,1.918,1,11/05/2026 19:09:22
2026-05-12,5547,Gasolio,1.948,1,11/05/2026 19:09:22
2026-05-12,34696,Benzina,2.200,0,11/05/2026 23:23:07
2026-05-12,34696,Benzina,1.980,1,11/05/2026 23:23:07
2026-05-12,34696,Gasolio,2.249,0,11/05/2026 23:23:07
2026-05-12,34696,Gasolio,2.029,1,11/05/2026 23:23:07
2026-05-12,34696,Blue Diesel,2.080,0,11/05/2026 23:23:07
2026-05-12,34696,Blue Diesel,1.860,1,11/05/2026 23:23:07
2026-05-12,48499,Benzina,1.959,1,12/05/2026 07:50:30
2026-05-12,48499,Gasolio,1.999,1,12/05/2026 07:50:30
2026-05-12,54790,Benzina,2.170,0,11/05/2026 23:28:19
2026-05-12,54790,Benzina,1.945,1,11/05/2026 23:51:54
2026-05-12,54790,Gasolio,2.219,0,11/05/2026 23:28:19
2026-05-12,54790,Gasolio,1.994,1,11/05/2026 23:51:54
2026-05-12,54790,Blue Diesel,2.319,0,11/05/2026 23:28:19
2026-05-12,54790,Blue Diesel,2.094,1,11/05/2026 23:51:54
2026-05-10,5547,Benzina,1.928,1,09/05/2026 09:13:18
2026-05-10,5547,Gasolio,1.989,1,09/05/2026 09:13:18
2026-05-10,34696,Benzina,2.200,0,09/05/2026 08:14:11
2026-05-10,34696,Benzina,1.980,1,09/05/2026 08:14:11
2026-05-10,34696,Gasolio,2.249,0,09/05/2026 08:14:11
2026-05-10,34696,Gasolio,2.029,1,09/05/2026 08:14:11
2026-05-10,34696,Blue Diesel,2.080,0,09/05/2026 23:25:02
2026-05-10,34696,Blue Diesel,1.860,1,09/05/2026 23:25:02
2026-05-10,48499,Benzina,1.949,1,08/05/2026 07:11:10
2026-05-10,48499,Gasolio,2.019,1,08/05/2026 07:11:10
2026-05-10,54790,Benzina,2.170,0,09/05/2026 06:52:07
2026-05-10,54790,Benzina,1.945,1,09/05/2026 23:54:38
2026-05-10,54790,Gasolio,2.219,0,09/05/2026 06:52:07
2026-05-10,54790,Gasolio,1.994,1,09/05/2026 23:54:38
2026-05-10,54790,Blue Diesel,2.319,0,09/05/2026 06:52:07
2026-05-10,54790,Blue Diesel,2.094,1,09/05/2026 23:54:38
2026-05-11,5547,Benzina,1.928,1,10/05/2026 09:11:18
2026-05-11,5547,Gasolio,1.989,1,10/05/2026 09:11:18
2026-05-11,34696,Benzina,2.200,0,10/05/2026 23:25:21
2026-05-11,34696,Benzina,1.980,1,10/05/2026 23:25:21
2026-05-11,34696,Gasolio,2.249,0,10/05/2026 23:25:21
2026-05-11,34696,Gasolio,2.029,1,10/05/2026 23:25:21
2026-05-11,34696,Blue Diesel,2.080,0,10/05/2026 23:25:21
2026-05-11,34696,Blue Diesel,1.860,1,10/05/2026 23:25:21
2026-05-11,48499,Benzina,1.949,1,08/05/2026 07:11:10
2026-05-11,48499,Gasolio,2.019,1,08/05/2026 07:11:10
2026-05-11,54790,Benzina,2.170,0,10/05/2026 23:30:48
2026-05-11,54790,Benzina,1.945,1,10/05/2026 23:30:48
2026-05-11,54790,Gasolio,2.219,0,10/05/2026 23:30:48
2026-05-11,54790,Gasolio,1.994,1,10/05/2026 23:30:48
2026-05-11,54790,Blue Diesel,2.319,0,10/05/2026 23:30:48
2026-05-11,54790,Blue Diesel,2.094,1,10/05/2026 23:30:48
2026-05-03,5547,Benzina,1.939,1,02/05/2026 11:10:36
2026-05-03,5547,Gasolio,2.049,1,02/05/2026 09:16:09
2026-05-03,34696,Benzina,2.199,0,02/05/2026 10:02:20
2026-05-03,34696,Benzina,1.989,1,02/05/2026 10:02:20
2026-05-03,34696,Gasolio,2.299,0,02/05/2026 22:42:43
2026-05-03,34696,Gasolio,2.079,1,02/05/2026 22:42:43
2026-05-03,34696,Blue Diesel,2.080,0,02/05/2026 22:42:43
2026-05-03,34696,Blue Diesel,1.860,1,02/05/2026 22:42:43
2026-05-03,48499,Benzina,1.958,1,02/05/2026 07:52:02
2026-05-03,48499,Gasolio,2.059,1,02/05/2026 07:52:02
2026-05-03,54790,Benzina,2.180,0,02/05/2026 06:46:17
2026-05-03,54790,Benzina,1.955,1,02/05/2026 06:15:02
2026-05-03,54790,Gasolio,2.269,0,02/05/2026 23:56:22
2026-05-03,54790,Gasolio,2.044,1,02/05/2026 23:56:22
2026-05-03,54790,Blue Diesel,2.369,0,02/05/2026 23:56:22
2026-05-03,54790,Blue Diesel,2.144,1,02/05/2026 23:56:22
2026-05-25,5547,Benzina,1.949,1,24/05/2026 09:08:41
2026-05-25,5547,Gasolio,2.059,1,24/05/2026 09:08:41
2026-05-25,34696,Benzina,2.239,0,24/05/2026 23:25:29
2026-05-25,34696,Benzina,2.029,1,24/05/2026 23:25:29
2026-05-25,34696,Gasolio,2.279,0,24/05/2026 23:25:29
2026-05-25,34696,Gasolio,2.069,1,24/05/2026 23:25:29
2026-05-25,34696,Blue Diesel,2.080,0,24/05/2026 23:25:29
2026-05-25,34696,Blue Diesel,1.860,1,24/05/2026 23:25:29
2026-05-25,48499,Benzina,1.949,1,24/05/2026 07:42:11
2026-05-25,48499,Gasolio,2.079,1,24/05/2026 07:42:11
2026-05-25,54790,Benzina,2.219,0,24/05/2026 23:31:07
2026-05-25,54790,Benzina,1.994,1,24/05/2026 23:31:07
2026-05-25,54790,Gasolio,2.291,0,24/05/2026 23:31:07
2026-05-25,54790,Gasolio,2.066,1,24/05/2026 23:31:07
2026-05-25,54790,Blue Diesel,2.391,0,24/05/2026 23:31:07
2026-05-25,54790,Blue Diesel,2.166,1,24/05/2026 23:31:07
2026-05-28,5547,Benzina,1.935,1,27/05/2026 09:09:50
2026-05-28,5547,Gasolio,1.985,1,27/05/2026 19:09:00
2026-05-28,34696,Benzina,2.239,0,27/05/2026 23:19:57
2026-05-28,34696,Benzina,2.029,1,27/05/2026 23:19:57
2026-05-28,34696,Gasolio,2.321,0,27/05/2026 23:19:57
2026-05-28,34696,Gasolio,2.099,1,27/05/2026 23:19:57
2026-05-28,34696,Blue Diesel,2.080,0,27/05/2026 23:19:57
2026-05-28,34696,Blue Diesel,1.860,1,27/05/2026 23:19:57
2026-05-28,48499,Benzina,1.949,1,28/05/2026 07:44:08
2026-05-28,48499,Gasolio,1.989,1,28/05/2026 07:44:08
2026-05-28,54790,Benzina,2.219,0,27/05/2026 23:25:49
2026-05-28,54790,Benzina,1.994,1,27/05/2026 23:49:26
2026-05-28,54790,Gasolio,2.291,0,27/05/2026 23:25:49
2026-05-28,54790,Gasolio,2.066,1,27/05/2026 23:49:26
2026-05-28,54790,Blue Diesel,2.391,0,27/05/2026 23:25:49
2026-05-28,54790,Blue Diesel,2.166,1,27/05/2026 23:49:26
